comment,replies,date,user_name,Unnamed: 4,sentiment
"Audiopilz: *slaps roof of YT channel*
Full Tracks, Extended Jams, Sample Packs: https://www.patreon.com/audiopilz
Follow me on Instagram: https://www.instagram.com/audio.pilz/",['Why do you have a book about Thailand but not Bavaria?'],2024-09-27T16:02:02Z,@AudioPilz,,Neutral
Why is it built like a volca sample WTF Korg??,[],2024-11-02T05:42:40Z,@renbelmont,,Negative
dude u have real influnce,[],2024-10-24T21:52:26Z,@mikolaj-o2d,,Positive
I'm sure there's a good reason for the 1000â‚¬+ price tag but sadly we'll never know.,[],2024-10-24T12:29:38Z,@raistaparta,,neutral
Wacky ass European accents (whakky a# juropian akkzentz) ,[],2024-10-23T19:59:18Z,@flashchrome,,Neutral
"Hi, 
Could you introduce the OB-12 synthesizer?","['Great suggestion, thank you!!!']",2024-10-18T15:54:14Z,@FBNLmusic,,Neutral
sound is actually not so bad.,['A bit dusty tho;)'],2024-10-18T01:23:49Z,@pitthefrit6292,,Neutral
I was hoping for more cowbell ğŸ˜¢,['We all do'],2024-10-13T16:28:41Z,@kenfusion,,Neutral
"the bad release was just like the original, i think they had also the radius line back then the r3 and the m3 and i remember the king korg to be bad at the radius stuf and bad at the m3 stuf",['ğŸ¤”'],2024-10-12T17:05:17Z,@TheKorgborg,,Negative
Still cheaper than a month's rent tho ğŸ˜‚,['True that!'],2024-10-10T08:31:29Z,@djzardonic,,Positive
What in the fantastically flatulant fÃ¦rie-foo-fighters is up with Korg and aftertouch?! Does not even the darkest depths of Ulico conjure forth aftertouch in its keyed klones? Even when the clone is of something that didn't originally have aftertouch?! ğŸ˜†,[],2024-10-10T05:46:29Z,@mrdavies7894,,Negative
Espen Kraft's favorite new synth? No FM?,[],2024-10-07T18:24:45Z,@subs4794,,Neutral
:) dagobert michelsen,[],2024-10-07T11:20:21Z,@zaggarzaggar,,Neutral
"I have an OG KingKorg, and it's a really great synth. It's so slept on that it's cheap. It's the simplest synth I have to make new sounds on, no need for shoddy usb drivers or paid for editor apps just to make a simple bass. Also the plethora of filter models don't require a cloud subscription! I don't know why the neo got rid of the best part, you NEED the tube in that synth, it'd be an easy slam dunk to put in a NuTube at the least",[],2024-10-07T03:25:32Z,@SlaserX,,Positive
"slam!  a bad review on bad gear!  your critiques are accurate, but your jams on it are wonderful!",[],2024-10-07T00:03:45Z,@WHATISPOLITICS69,,Positive
korg xd minilogue os much more fun for nearly half the  price.... 4 voice's is a bad buzz doe ğŸ˜¢,[],2024-10-05T02:24:27Z,@tmcthemondayclub6236,,Negative
"this synth need a special dedicated Youtube Channel named: 
Gears That Make Me Want To Puke",[],2024-10-04T22:44:13Z,@Bigger-Circuitry-Bigger-SOUND,,Negative
"A strange thing happened to me a few months ago, I guess. I can no longer enjoy music. I no longer want to make music. You know it's fucking over when you cannot name ANY memorable song in the past 2-3 years. It's really weird, as an analogy it's like seeing and recognizing a super hot girl and thinking ""Wow she's super hot...but somehow I think I'm gay now, but I'm not gay, this is so confusing"". Do I want to be gay or not gay, I don't know.

*M-Audio sucks dick btw.

Anyway, at the moment, on the humble bundle site, Sampletank4 is $1 and ACID, Samplitude, blah blah is like $25. Maybe you can find that useful, I dunno.

 I've decided to not buy or bother with any anything music ever.

I know noone will watch this or care about it since they also can't play guitar...

But you know, the ending of this video reminded me of... youtube...watch...question V equals 4oNVggJylqQ",[],2024-10-04T10:50:00Z,@Frikoppie-q2v,,Negative
"Korg has been missing the mark with so many of their recent products, truly baffling.",['Agreed!'],2024-10-03T18:54:23Z,@fluim0102,,Negative
that ''M1 Piano'' sounds like gash,"[""That's the pure sample...""]",2024-10-03T17:55:33Z,@rolandexclusive6306,,Negative
"Danke, dass du mich so oft vor FehlkÃ¤ufen schÃ¼tzt..",['Immer gerne!!!'],2024-10-03T17:00:45Z,@djhellevator,,Positive
Yamaha MODX should get an episode!,"['Great suggestion, thank you!!!']",2024-10-03T15:09:05Z,@doralfasi90,,Positive
anti-genocide tech is much more useful.,[],2024-10-02T14:53:24Z,@fromgreetings,,Positive.
"I'd like to see synths taking a simpler direction. Polyphonic analog. A bit like older CASIO MTs, from 1980-82 (coupled with ESP of the Korg MS-20 (Behringer K2). This combo sounds better to me than any of the new digital synths. Just keep it simple.",['Word!!!'],2024-10-02T14:14:27Z,@yanickborg3118,,Positive
Nice ğŸ‘Œ,['ğŸ˜€'],2024-10-02T10:54:14Z,@TheHorseValse,,Positive
6:35 Jam 2 simply divine. The best track I've listened to in the last year for sure.,['Thank you!!!'],2024-10-02T09:09:32Z,@beloyaraistov8007,,Positive
"Surprisingly, KingKORG is one of the synthesizers that I really don't like. Although I am very loyal to synthesizers. But here... it makes me unpleasant just from the sounds at the beginning of the video. ğŸ˜‚
who and by what mistake called this absurdity the king?",['When marketing goes wrong!'],2024-10-02T08:55:42Z,@beloyaraistov8007,,Negative
"This Korg was difficult to stick up the bum, but not impossible",['ğŸ˜‚ğŸ˜‚ğŸ˜‚'],2024-10-02T07:58:07Z,@davewebster689,,Neutral
"Such a boring keyboard, I can't even watch your review to the end, not even to be amazed by what you manage to pull out of the latest Korg disappointment.",['ğŸ˜”ğŸ˜”ğŸ˜”'],2024-10-01T23:43:34Z,@incenseandpeppermints4625,,Negative
That is neat Drum & Bass track. Keep it up!,['Thank you so much!!!'],2024-10-01T19:53:56Z,@thegreatunknown9307,,Positive
@AudioPilz can we have some ciat lonbarde gear? ğŸ™ğŸ™ğŸ™ğŸ™,"['Great suggestion, thank you!!!']",2024-10-01T07:45:17Z,@The_Sound_Technician,,Neutral
the hard sync and the MS20 filter sound good to my ears but yeah.... roasting fully deserved... price tag super crazy and it all leaves me with one word... why?  It's just a rehash of their old crap. Loved the part with the dinos shooting lightning out of their mouths.,['ğŸ‘ğŸ‘ğŸ‘'],2024-09-30T22:42:26Z,@RandomButBeautiful,,Negative
"I am just cracking up over the ""Continental megabucks"" comment! ğŸ¤£",['ğŸ˜€ğŸ˜€ğŸ˜€'],2024-09-30T21:14:49Z,@System-1541,,Positive
those 600 pieces of garlic bread will stay fresh longer...,['Yumm!!!'],2024-09-30T20:34:38Z,@xisotopex,,Neutral
Another Fail - for the Japanese market - Hari Kari Time.,['ğŸ¤”ğŸ¤”ğŸ¤”'],2024-09-30T17:48:01Z,@darrinmoss3303,,Negative
"I had a friend who got the old king korg and she let me try it out.  Wasnt really anything special then she told me she paid 1300 for it.  R3 radias ms2000 etc were way better imho.  I cant believe people still try to sell the kingkorg for 800-900.  It felt like an electribe 2 synth engine with more polyphony and a few additions.  Almost reminded me of using a vst without a good controller.  

This new thing should be 400 bucks tops I think.  I really like my minilogue and im a fan of the volcas but they still havent made anything that would make me switch from any of the other synths I mentioned in years.  Wouldnt mind something to switch to as well because my ms2000 and radias are getting pretty beat up.

Korg has a lot of IP that people just want a new version of maybe with better sequencing and more polyphony or just stick a few of them together in the same box and people will love it.  I dont get it.",['Radias is super awesome!!!'],2024-09-30T16:46:34Z,@666nacirema666,,Negative
Korg is completely unbuyable since discontinuing the Kronos 2... and probably a lot longer than that.,['Shots fired;)'],2024-09-30T15:14:36Z,@RobertMRyder,,Negative
"Really want one, 500 Euros and IÂ´m in, 1100 not a chance in hell.",['ğŸ‘ğŸ‘ğŸ‘'],2024-09-30T14:47:56Z,@darkambience,,Negative
Loving the ancient computer delivery meme.  It was delivered to my local (Norwich City uk) Council in 1957.  It was an Elliott 405 computer. There were 20 more of those boxes. Memory was stored on paper punched reels for its first year of operations before they changed over to using magnetic tape. ğŸ˜†,"['Thanks for the heads up!!!', 'What on earth did they use it for? Mustard recipes?', '@@heimlichvonbladderburst8348 Counting carrots probably.']",2024-09-30T12:21:59Z,@DubArchaeologist,,Positive
"When not even AudioPilz can make a truly convincing mix, you know the producer has failed miserably. I always love your jams, but this synths really sounds awful for the price o___O",['Thank you!!!'],2024-09-30T11:56:08Z,@epifrenetics,,Negative
Where's the petition for you to try the $13000 synth?  Me and my 17 cousins want to sign,['You have a great family! Thanks!'],2024-09-30T11:31:18Z,@hardoff,,Positive
Why they keep doin this tho,['A question worth asking!'],2024-09-30T09:40:41Z,@SNOwyte,,Negative
"Roland, G7, FANTOM

thats what 1000$ should come with",['Word!!!'],2024-09-30T09:39:56Z,@SNOwyte,,Positive
holy fsck this is the most memey verdict ever,['ğŸ˜€ğŸ˜€ğŸ˜€'],2024-09-30T06:42:10Z,@HerrSaturn,,Neutral
"Korg, listen to this man- all 3 ""Wave"" synths in one 61 key unit is all we really want from ya at this point.",['â¤ï¸â¤ï¸â¤ï¸'],2024-09-30T05:53:35Z,@halcyo,,Positive
I like it but if it was $600ish and not a grand,['Agreed!!!'],2024-09-30T04:04:05Z,@ATSinclair11,,Negative
"I think this might explain it: https://youtu.be/Wx5NOo5jljA?si=pt0MaUA7SZNOXrLh
I see lots of resources going into developing this digital accordion to get it tuned to feel like the acoustic version plus the added control functionalities of a powerful synth engine.",[],2024-09-30T02:24:08Z,@Adaerus,,Positive
loopop mentioned. you two are the best synth channels on this godforsaken website,['The man. The legend.'],2024-09-30T01:42:38Z,@AndrewCizek,,Positive
The appearnce looks a lot like the Gaia 2.,['There are similarities;)'],2024-09-30T01:24:38Z,@kyleh1974,,Neutral
Only thing which saved the original king korg was the tube saturation. This thing is DOA,"['@TE-LE-GRAM-FlorianAudiopilz\xa0 my brother in christ what do you think we are R-tarded?', 'ğŸ‘']",2024-09-29T19:28:54Z,@BasedFrequency,,Negative
"Still to this day, the worst piece of gear I ever bought, hands down, no competition, was/is The Numark Mixmeister controller/software combo. I bought it to dj a huge festival many years ago and I don't know how I even pulled it off. Worst thing I've ever bought, ever. And I have never seen any videos on the Numark Mixmeister. Worst POS ever made.",['Interesting! Thank you for posting!'],2024-09-29T19:11:17Z,@Dubsteppah,,Negative
!Radias!?,"['Great idea, thanks!!!']",2024-09-29T18:51:25Z,@robertfrey9623,,Neutral
King korg was awful. Truly a vst plugin housed in a midi controller with all the parameters hidden away and you cant use a mouse to get to them but a dpad... At least it had a weird sequencer,['ğŸ‘ğŸ‘ğŸ‘'],2024-09-29T18:05:52Z,@hdslave,,Negative
"Great video as ever! ğŸ‘
How about the Boss RC-505 looper? (mk 1 pref but mk 2 would suffice)",['Thank you! Great suggestion!'],2024-09-29T17:43:10Z,@unclemick-synths,,Positive
"Me during oscillator section of the video: ""omg love these sounds!""
Me seeing the price tag: ""omg nevermind!""",[],2024-09-29T15:45:09Z,@NoiseFetish,,Positive
"Korg and Roland have not been feeling the game at all, for quite a while now... They are losing the plot completely. Sad stuff.",['I think they make money with other thingsâ€¦'],2024-09-29T15:05:17Z,@istvantoth7431,,Negative
Sounds like chit,"['Chots fired;)', '@@AudioPilz Lets make another 1000 dollar synthesizer for people who hate programming synthesizers.. oh yes, brilliant! - typical big 3 board meeting the last few years']",2024-09-29T14:37:34Z,@ehdyn,,Negative
"Iâ€™m an unabashed Korg fanboy @ this point. I love when you have their newer synths on the show. Iâ€™m guilty of seeing something new & flashy & immediately wondering if I â€œneedâ€ it. Hahaha. Seeing how these synths actually work let me know where I should focus any little bit of gear $$ I get, as opposed to just buying something new. So, thanks, @AudioPilz, I guessâ€¦ Hahaha..",['Thank you!!!â˜ºï¸'],2024-09-29T14:30:42Z,@richardsaffle,,Positive
"Mate, Volka Polka is dope.
I want one 
Cheers",['Same here!'],2024-09-29T13:48:07Z,@par5ek,,Positive
Korg wants $1099 for this!?  I bought a new 49-key Hydrasynth for $50 less than that last year!,"['Yeah, pricing is crazy!']",2024-09-29T13:44:05Z,@stopmikeandjim3196,,negative
"$1000?! What, WHY. Whatâ€™s Korg smoking lately, and can I take a hit. Arturia Minifreak eats this dinosaurâ€™s lunch and has a VCF per voice for almost half that price.",['They donâ€™t share;)'],2024-09-29T12:53:49Z,@ShakaCthulu,,negative
"I think Behringer is spoiling us with their cheaper offerings, and Korg/Roland now appear more expensive these days. Â£1k for this neo is silly money. Korg seem to have gone down the same route as Roland using a proprietary chip and software developers. Look at the Wavestate, Opsix, and Modwave, all similar build quality and I bet they have 1 main FPGA they use for whatever code they want. Just like Roland ZenCore and ACB tech. I suppose they can put any synth new or old into these chips, modify the hardware a bit, rename the buttons & sliders, knobs, etc, and voila endless new products or reissues .. Makes good business sense, but are customers starting to wake up to the con? I have!.. My pc can do it all with controller keyboard. This will be in a vst soon you watch. ğŸ˜ But the price needs to be at least 50% cheaper than what it is. I've just seen a neo for Â£885.00 still too much. I suppose digital cloning is easier to enforce, Behringer can't just use someone else's code, that's why they only do analogue mainly. Interesting times, great video again my man! ğŸ˜ğŸ‘",['Thank you!!!'],2024-09-29T11:24:52Z,@muzikman2008,,Neutral
Pilz is right.  This was a very poor product launch and grossly overpriced.  The sounds are nothing that a decent VST couldnâ€™t exceed.  Fail!,['ğŸ‘'],2024-09-29T10:42:24Z,@productamadeus8745,,Negative
"What is the point of this synth? The KingKorg already exists, and there's nothing disastrously wrong about it. So isn't this Neo a bit redundant? And for that price I'd excpect a LOT more goodies. Meh, I'll pass on this one (and the KingKorg as well). Maybe I'll buy it when it says Behringer instead of Korg on the chassis and the price tag is more on par with the quality and build of the instrument.",['Underwhelming indeed'],2024-09-29T08:46:07Z,@larseikind666,,Negative
"It sounds good but I have never liked or bought  a small form factor synth,  all my synths are 49 keys and up and most are old and weigh 100 pounds. I have alot of synth modules and those are small form factor but thats not the point.  There are so many small synths on the market, I dont' like em. Sue me but don't.","['I donâ€™t think Korg is into suing people;)', '@@AudioPilz Behringer might tho']",2024-09-29T07:16:21Z,@Novaheart1998,,Negative
was soll dat sein? die shareware version vom king korg? 1000â‚¬ fÃ¼r`n arsch.,['ğŸ¤£ğŸ¤£ğŸ¤£'],2024-09-29T06:32:44Z,@MrBeatcreep,,Negative
They should make the prophecy definitely,['Needs to happen!'],2024-09-29T05:54:06Z,@oraz.,,Positive
"Heck, you can get a used Prologue 16 for that price.",['True!'],2024-09-29T04:57:53Z,@Vim-Wolf,,Negative
I'm still waiting for Korg to put out that acoustic synth they've been teasing for the past two Superbooths.,['I think thereâ€™s a smaller version now'],2024-09-29T04:21:27Z,@mrhs5220,,Neutral
Oh God this is a real synth? I saw a single picture of it and thought it was a shitpost.,['It isğŸ¤£ğŸ¤£ğŸ¤£'],2024-09-29T03:50:06Z,@chupathingy5862,,Negative
The hypothetical Korg synth with all the models? It's called the Kronos. Funny how everyone forgets that one...,['True that!!!'],2024-09-29T03:11:08Z,@memereference2545,,Neutral
"MK1 is Â£4 -500 used, with two more octaves. Get a neo and you're basically paying Â£500 for a vocoder and less keys. Mind boggling.",['Totally!'],2024-09-29T02:04:21Z,@birdie17uk,,Negative
Omg the meme and bass went so hard,['Thank you!!!'],2024-09-29T00:42:46Z,@Organistcomposer21,,Positive
Legit bad gear is a slow burn,['True!'],2024-09-29T00:01:27Z,@BOSSenjoyer,,Neutral
"Iâ€™m conflicted. I like this synth. But the $1000 bracket is just so competitive today. We have the HydraSynth, Minilogue, MicroFreak, Wavestate, etc. The fact this synth has limited keys and tweakability means that it doesnâ€™t cut it for people who want to have options, and the lack of keys mean that it doesnâ€™t have the range for a performance keyboard that is more meant for using presets.","['Get a used Nord Lead 4 or A1.', 'Maybe get the old one?']",2024-09-28T23:38:21Z,@gimmickmusic8827,,Negative
Did you know that it was a Korg keyboard that gave Marilyn Manson's keyboard player full-blown AIDS? Crazy when you think about it,[],2024-09-28T23:29:58Z,@MIDIMulti-Out,,Negative
"Kork must have more bad gear than anyone outside of Roland. Drop the price by about $400, and they can redeem themselves on this one. Hell of a great vocoder, though.",['Agreed!'],2024-09-28T22:12:04Z,@64north20west,,Neutral
"I sampled that sound at 3:08 because my Electribe 2 doesnâ€™t even have it (what are these good for..?!) and its gonna be in one of my songs, hope thats ok for you âœŒï¸",['I might not sue you;)'],2024-09-28T21:28:00Z,@tommy.countach,,Positive
Jeez. 1000 bucks? For something as exciting as a Gaia..ğŸ˜¶,['Mind blowingâ€¦'],2024-09-28T20:47:28Z,@AndrewJohnClive,,Negative
"If this same synth engine had been in a smaller box with minikeys at half the price and called the MICROKorg Neo, they might have got away with it",['Thereâ€™s already a new Microkorg announced;)'],2024-09-28T20:45:29Z,@tz64nk41,,Positive
"Cheap looking, not enough keys, old tech repackaged and really expensive - what's not to like. Korg have been poor since Rich Formidoni left.",['They are just producing stuff for me nowğŸ¤£'],2024-09-28T20:42:08Z,@simoningate2056,,Negative
Stepper and/or Roller. ğŸ¤¯,['The two faces of DnB'],2024-09-28T20:33:03Z,@martinley1641,,Neutral
"""80s car dashboard appearance"" gold",['Thank you!!!'],2024-09-28T19:25:36Z,@WalyB01,,Positive
I love my prologue 16.... but I really have grown to just dislike everything Korg does...,['â¤ï¸â¤ï¸â¤ï¸Korgâ¤ï¸â¤ï¸â¤ï¸'],2024-09-28T18:55:02Z,@biogeniclife,,Negative
Espen Kraft is doing his version of Bad Gear... is not doing well ğŸ˜‚,['He even started a second channel;)'],2024-09-28T18:52:44Z,@vjrei,,Negative
"Korg really is king at putting out things no one asked for, but I find myself wondering if maybe I do need it after all.",['Wait for the prices coming down;)'],2024-09-28T18:47:20Z,@somberrhombus,,Neutral
0:54 - 1 blue analog pill please,['I want a DCO pill;)'],2024-09-28T18:09:31Z,@goodnota,,Neutral
girl synth.,[],2024-09-28T17:55:27Z,@thejollyjoker187,,Neutral
No tube ğŸ˜¢,['ğŸ˜¢ğŸ˜¢ğŸ˜¢'],2024-09-28T17:52:58Z,@PLA.net-DANTE,,negative
Bad gear on Bad gear!? What a surpriseğŸ˜‚ğŸ˜‚,"['LOL', 'ğŸ¤£']",2024-09-28T17:34:26Z,@adityatadoori8989,,Neutral
I do own the old one. And I can't understand why they need to have released this white spoof,['ğŸ‘'],2024-09-28T17:21:56Z,@chestnystarik1,,negative
"Often, I donâ€™t care what youâ€™re reviewing, Iâ€™m here for the tunes that SLAAAAAP",['Thank you so much!!!'],2024-09-28T17:12:39Z,@husssamo,,Positive.
Sonicware Texturelab bitteğŸ™ğŸ»ğŸ™ğŸ»ğŸ™ğŸ»,"['Guter Vorschlag, danke!']",2024-09-28T16:09:25Z,@Aleksandr_Kozhemyakin,,Neutral
"Grey letters on white is trolling
 (Venom synth has a grey on grey section)",['The horrorâ€¦'],2024-09-28T16:06:44Z,@valueape888,,Negative
your first jams lately are hitting it out of the park ğŸ˜ğŸ‘ğŸ»....second jam was very nice and intricate as well...the final jam was almost cinematic (really polished) and loved the vintage Godzilla choice ğŸ˜...ofc I'm here for the layers ğŸ¥°ğŸ˜...thanks for the cool shoutout ğŸ˜ğŸ¤©,['Thank you so much!!!'],2024-09-28T15:43:03Z,@helisoma,,Positive
"There is, it seems, quite an odd cosmic resonance (in marketing?, features?, vibe?)going on between this Korg Neo and the â€œnewâ€ R Juno D.","['Nah', 'Agreed!']",2024-09-28T15:20:02Z,@JGlassy,,Neutral
"""It was actually a brilliant decision by Korg to make it $1000 because now it is too expensive for Florian to get one and feature on Bad Gear."" ğŸ˜‚",['That one had me rofling too'],2024-09-28T15:06:03Z,@almightyEsquilax,,Negative
I am going to buy this and travel back in time to 2013 and blow peoples minds - Behold! The future!!,['ğŸ¤£ğŸ¤£ğŸ¤£'],2024-09-28T14:53:29Z,@Auldhelm,,Positive
But basically this is an all-in version substituting Gaia,"['Yup.', 'Doesnâ€™t Gaia have a sequencer?']",2024-09-28T14:14:54Z,@gaborb6577,,Neutral
Korg continuing their dinasty as the kings of scamming from the synth manufacturers.,['Shots fired;)'],2024-09-28T13:56:23Z,@BrunodeSouzaLino,,Negative
Korg. Give this man the stuff and make him CEO (not NEOğŸ‡),"['As new KORG CEO, First Order (Ben Solo) of business... Boss (Roland Corp) fight.', 'â¤ï¸']",2024-09-28T13:41:04Z,@timb.4825,,Positive
"Finally, something I don't want, even after hearing Florian play it.  I don't think thats ever happened before.","['@TE-LE-GRAM-FlorianAudiopilz well, you know my address, so just post it already.', ""@TE-LE-GRAM-FlorianAudiopilz right?  You're the real Florian, so you already know where I live.  Tell me my first name."", 'My heart is breaking ğŸ¤£ğŸ¤£ğŸ¤£', ""@@AudioPilz those bots are so stupid.  I can't help myself.""]",2024-09-28T13:00:17Z,@SockmonkeyTheMusical,,negative
"no sponsors, no bullshit,thank you and keep it up BG.....my self i feel we are all foked around between 4k preteen toys and 200 ulo shrott that each sounds different,since OT nothing interesting came up,(yeah there was tasty chips but they also turned out to be half baked,have a lot of promising text on the box and eventualy cheff decided he want to make pringles),,,,and why you ask?well it is because nobody cares,some people only interest is to milk you down slowly to get whatever gap in their live is that they are trying to fill with that bank notes of yours...do not get draged into that BS my brothers and sisters out there,focus on music.",['â¤ï¸â¤ï¸â¤ï¸'],2024-09-28T12:54:12Z,@k2z3k0,,Negative.
"Whew this one is a real stinker. I canâ€™t imagine why anybody would want this at $500, much less at double that price.  You could buy a Wavestate AND whatever that FM Wavestate was called, and still have a few bucks left over.  
I can only assume that this starts to become a cult classic in 20 years.","['This? Cult classic in 20 years? It will be overshadowed by the original KingKorg.\nYou are as optimistic as Korg is with the pricing. ğŸ¤£', '@@Jason75913 Iâ€™m telling you, itâ€™s always the worst shit.  Like we both know that Akai synth is gonna blow up too.', 'Iâ€™m already invested in Timbre WolfsğŸ¤£']",2024-09-28T12:47:21Z,@TheCALMInstitute,,Negative
It would be interesting to see Novation Circuit Rythm and Korg nts1 mk2,"['Great suggestions, thanks!']",2024-09-28T12:35:59Z,@iluzionistslv,,Positive
I didn't even know that synth existed!,['Not exactly a future classic'],2024-09-28T11:57:08Z,@DJShoji,,Neutral
It doesnt warrant the 'king' title thats for sure,['Court Jester Korg'],2024-09-28T11:55:07Z,@annother3350,,Negative
"Stll, there are few keyboards at this price with 24 VA (not FM, which is cheaper) voices of poliphony and bitimbral. Maybe none.","['Jupiter XM comes to mindâ€¦', ""@@AudioPilz Yeah, same ballpark. I don't know the polyphony features of that one, but it's a little more expensive (I think 1400?)""]",2024-09-28T11:43:07Z,@wonderwheel80s,,Positive
"3:13 i'm kindly asking you to remove that Piano sound from the video. And from history. 
Zenk You","['I hate the M1 sound so much. There is no piano sound I hate more than that nauseating M1 trash. No one needs to force themselves to use it for any reason, we have an ocean of better choices we can use no matter the context.', 'Difficultâ€¦', '@@AudioPilz Of course ""Florian from the Big Synth"" can\'t help us.\nYES, KEEP DOING YOUR DIRTY BUSINESS. \nBUT WE ARE WAKING UP, OUR EYES ARE OPEN NOW!']",2024-09-28T11:37:12Z,@dirtymusicassette,,Negative
"DR550  and a beatstep vs the TB-3 and digi, mixing it up, very tasteful",['Thank you. Love that setup!'],2024-09-28T10:44:40Z,@ewetoo,,Positive
Great! ğŸ‘Š,['Thanks!'],2024-09-28T10:27:59Z,@superikone,,Positive
Epic Finale!,"['Thank you!!!', '@@AudioPilz Could you please-please review Torso T1 ğŸ˜œ ğŸ˜¸']",2024-09-28T10:23:26Z,@4CloudySky,,Positive
The Sumo pic at 3.19! ğŸ˜©,['Traumatizing!'],2024-09-28T10:03:08Z,@marksieczko7766,,Positive
Dude your videos are the best haha.,['Thank you so much!!!'],2024-09-28T09:51:56Z,@ageshero,,Positive
What really makes the King KORG a good synth? It's the TUBE! And that's what they removed from the product. lmao,['ğŸ‘'],2024-09-28T09:47:35Z,@pcuimac,,negative
the price is insane but the synth itself is cool imo,"['Weirdest scam.ever', 'ğŸ‘', '@@AudioPilz ğŸ‘ğŸ‘¿']",2024-09-28T09:31:27Z,@akirakosaintjust,,Positive
"I just never really liked or understood Korgâ€™s UI on any synth, this one is all over the place with dials and screens",['True that'],2024-09-28T09:23:42Z,@artemvsprime,,Negative
"""Ain't gonna work! Hope your company doesn't depend on it."" ğŸ¤£",['ğŸ¤£ğŸ¤£ğŸ¤£'],2024-09-28T09:21:33Z,@patricklaureys9238,,Negative
You need to get your hands on a Access Virus!,['I did a few weeks back'],2024-09-28T09:02:16Z,@Shohaiko.,,positive
I'm actually pretty impressed with how well the sounds of the kingkorg play well together with itself. It still feels a bit pricey for what it is though.,['Agreed on both accounts'],2024-09-28T08:46:08Z,@klascom1,,Neutral
"I see that TDR Nova plugin in the bottom left.  
TDR plugins are the best, aren't they?",['Use it all the time!!!'],2024-09-28T08:38:57Z,@respectfulremastersbymetal8336,,Positive
"This looks like it's aimed squarely at the ""Grandmas that have no clue about music instruments but want to buy something 'professional' for their grandson's birthday"" market.",['ğŸ¤£ğŸ¤£ğŸ¤£'],2024-09-28T08:36:41Z,@MoraFermi,,Negative
A L G O R I T H M comment. Stare closely at my swinging watch...,['â¤ï¸ğŸ‘â¤ï¸ğŸ‘'],2024-09-28T08:22:01Z,@TalkingModels,,Neutral
Flawed company strategy having to make new stuff all the time,['The synth game is complicated;)'],2024-09-28T08:07:22Z,@Naemsc22,,negative
The first NEO to not dodge a bullet ğŸ¤·ğŸ»â€â™‚ï¸ Bullseye once again @audiopilz ğŸ¯ğŸ™ŒğŸ»,['â¤ï¸â¤ï¸â¤ï¸'],2024-09-28T07:57:04Z,@deejaynoizecph,,Positive
For 600 id buy this in a heartbeat but yeah get plucked,['Itâ€™s a bit expensive;)'],2024-09-28T07:36:27Z,@moad8794,,Negative
I love my KingKorg ğŸ˜¢,['Nothing personal â¤ï¸â¤ï¸â¤ï¸'],2024-09-28T07:20:31Z,@Michel-r6m,,Positive
The track name on the Digital II - SUBSCRIBE ğŸ¤£ğŸ¤£ğŸ¤£ğŸ’€ğŸ’€ğŸ’€ğŸ’€,['ğŸ˜€ğŸ˜€ğŸ˜€'],2024-09-28T07:03:50Z,@Axiohm000,,Neutral
Weâ€™re done then. ğŸ‘ğŸ»,['ğŸ˜€'],2024-09-28T06:45:15Z,@Myexpectationsarerealistic,,Neutral
"05:12 Comment: It's part of the genre of gear ""straight to Bad Gear episode"". Spot on. ğŸ™‚",['ğŸ˜€ğŸ˜€ğŸ˜€'],2024-09-28T06:41:38Z,@elwhagen,,Neutral
Korg taking on Roland for the best overpriced re reissued kitchen blender of the year,"['@TE-LE-GRAM-FlorianAudiopilz thank you. ğŸ˜', 'The two best synth manufacturers of all time']",2024-09-28T06:37:27Z,@christianthompson1473,,Negative
"Dieser Mann sagt nur die Wahrheit!  Gut gemacht.

Not long after this synth was announced, I learned: 1) it had the same not-so-hot keyboard action as all of Korg's similarly sized synths (Modwave, Opsix, etc), 2) it changed almost nothing from the previous KingKORG engine, and 3) the price was significantly higher than expected (and definitely higher than a used OG, FS KingKORG).

Best thing about this release?  Used prices on the OG, FS KingKORG dropped, and I picked one up for an even better price.  Makes a great live synth (minus the wall wart power supply) with respectable VA poly and mono synth tones.  

Suggestion to Korg: How about a 16-voice VA based on the MS-2000/MicroKORG engine?? Add a quality keybed like the UNO Synth Pro, and it would sell like crazy, I'm pretty sure.

Edit:  and I just saw at the end of the video you suggested almost the exact same thing for Korg.  Let's hope they listen.",['Thank you!!!'],2024-09-28T06:35:42Z,@ProckGnosis,,Positive
"Synth companies twisting balls here with those prices, If your fanatic enough having GAS while you not need that particular synth at all.",['No balls were twisted during the production of this episode'],2024-09-28T06:25:21Z,@Wulfcry,,Negative
beautiful ending wordsound bonus!,['Thank you!!!'],2024-09-28T06:13:06Z,@chinmeysway,,Positive
Yes and yes to an updated MS2000.,['Classic synth!!!'],2024-09-28T05:33:32Z,@robmortimer4150,,Positive
So... Are we gonna see that new Juno D6 next? It's destined for bad gear! They fixed nearly nothing and made some updates that negate value. Added a color screen but it's non-touch screen so you still have to menu dive and type letters with a rotary encoder ğŸ¤£ğŸ¤£ isn't it 2024?  We've got quantum computers but we're saving patch names with a rotary? *Insert Rotary phone memes*,"['Great idea, thanks!!!', '@@AudioPilz thanks for the reply! It seemed like an obvious target and really fits right in with the theme from this last week. ğŸ˜ƒğŸ‘ Thanks for the laughs, the knowledge, and most of all- the jams!!!']",2024-09-28T05:29:56Z,@infn8loopmusic,,Negative
Great video.,['Thank you!!!'],2024-09-28T04:58:57Z,@HarvestStore,,Positive
"They need a pro electribe model, with 2 trk of the KK + 2 trk of a modwave & 2 more synth tracks of a better MOSS VA type engine... & about 6-8 drum tracks of part VA & sample rom drum hits. If they did that & came in at a rrp for a high quality va inspired electribe groovebox.. & they actually prove to produce this higher rez of korg modelling to actually carry over into their electribe series... They may hit a mark on target for a change imo??? If they are going to revise & repackage a otherwise previous development like they have been... at least do it justice by making things like this, proper newer developments with extra & different features to the OG versions.",['Iâ€™d buy that for a $'],2024-09-28T04:53:23Z,@TimesOfTheSines.official,,Positive
This episode was inevitable! ğŸ˜‚,['True'],2024-09-28T04:25:17Z,@Positive_Tea,,Positive
I'll be back...,['ğŸ‡¦ğŸ‡¹ğŸ‡¦ğŸ‡¹ğŸ‡¦ğŸ‡¹'],2024-09-28T04:20:44Z,@Alchemetica,,Neutral
I love the way you say Uli Behringer so much,['Thank you'],2024-09-28T03:49:43Z,@G.GordonMidi,,Positive
"""Timbre"" is pronouced ""tamber."" Just think of the word ""tambourine.""","['Itâ€™s the epitome of difficult English words!', 'Isnâ€™t that a French word?', 'American here, most of us pronounce it like Florian does, if that matters.']",2024-09-28T03:29:18Z,@eti313,,Neutral
"Is there a single person who actually prefers the joystick over regular, nonrubberized pitch / mod wheels?",['I certainly donâ€™t'],2024-09-28T03:21:26Z,@desktorp,,negative
Meeeeeerrrrrrrlllllll,['â¤ï¸'],2024-09-28T02:57:47Z,@caleb5780,,Neutral
"For some reason, with Guitars I always end up with an Ibanez though I say I hate them( the Ibanez buzz) . I have three.
Synths, I end up with Korgs, Volcas, a keytar.

But I only go for low end stuff.

Loved the vocoder shoutouts with the system.

Ohâ€¦great title. Made me laugh out loud.",['Thank you!!!'],2024-09-28T02:52:20Z,@grasshoffers,,Positive
"I love gear but I can never go back after getting really in to AUM for iOS. I have the bbc radiophonic workshop in my pocket and more software than I need. I have an app buying problem sure, but itâ€™s cheap and I always have a studio with me. Iâ€™m a proud amateur.","['Ah, app addiction at its best']",2024-09-28T02:45:06Z,@donkimble,,Positive
at 6mn32 is that the Bos Dr550 ? was my first drum machine when it came out .... great music there ! how can it be the dr550 ! ğŸ™‚ ... Ps: got to pause to read all the MEMES ğŸ¤£ very fun,"['Thank you!!! A little compression goes a long way;)', '@@AudioPilz thanks for your reply Florian']",2024-09-28T02:41:34Z,@smartti1970,,Positive
Would buy if I had to do some 80s synth pop... ğŸ˜‚,['ğŸ¤£ğŸ¤£ğŸ¤£'],2024-09-28T02:38:53Z,@karlnovac1726,,Positive
This synth upsets me,['Same here;)'],2024-09-28T02:05:33Z,@NeoTeAika,,Negative
Ekectribe 2 sampler has had king korg sounds sampled in some presets,['True!'],2024-09-28T02:04:49Z,@waynesilverman3048,,Neutral
Korg has nice synths and KingKorg is one of those... however still you didn't review one of the greatest from Korg - RADIAS. Why? Why? Why? And where is review of Deluge? Don't say again that you have to take vacation for learning it - we know it is not a true. Cheers!,['Still sooooooooo expensive and also quite rare around here'],2024-09-28T01:39:13Z,@SmallWorldBigThings,,Negative.
It has an apostrophe before it. 'king Korg,['Lol'],2024-09-28T01:11:32Z,@TannithVQ,,Neutral
Ok this might be worth my time the same way the maschine+ is where its like 'if i get around to it',"['Not even', '@@Jason75913nah it got sum good sounds but if korg did the sequencer like they normally do then ur right its not worth my time n i will continue saving up for a DSI or sequential prophet/pro', 'Great idea, thanks!!!']",2024-09-28T01:09:25Z,@SNOwyte,,Neutral
You need to cover the great Prologue disaster.,"['@@gazfunk itâ€™s a good synth though. It has tons of character, and is brilliant for some sounds. The KingKorg on the other hand is a nothing piece of gear.', '@@fatbobe1986 Yes, I have the P16. It ended up being a disaster for Korg.', ""\u200b\u200b@@fatbobe1986  Prologue was a commercial flop in East Asia, however... Or so I've been told. It flopped in Korg's own neighborhood, the live performers didn't like the lackluster feature set one bit."", '@@Jason75913 I donâ€™t doubt that it was a sales flop. It is good though. Itâ€™s not the most versatile piece of kit, and nor should it be. But what it does, it does very well.', '@@gazfunk do you like it?']",2024-09-28T01:09:11Z,@gazfunk,,Neutral
"Bro if they just redid the fucking kaossilator sum how...its like having a friend who has delusions of grandeur n thinks they better than they actually are at sumthin...wait those sounds are nice tho
But not 1000$ nice",['There is a new Kaoss thing and itâ€™s even worse than this'],2024-09-28T01:06:53Z,@SNOwyte,,Negative
What did korg do now?,['Yes'],2024-09-28T01:04:23Z,@SNOwyte,,Negative
this truly sounds like bad gear,['Sometimes it simply does'],2024-09-28T01:03:42Z,@LinaaaOfficial,,Negative
I love their dedication to lack of user interface,['ğŸ˜‚ğŸ˜‚ğŸ˜‚'],2024-09-28T01:03:04Z,@supercompooper,,Positive
What a joke! $1000?! Hard pass,['A bit costly indeed'],2024-09-28T00:47:48Z,@TheBrandonLewis,,Negative
Is it ok to start a betting pool on here as to how much Korg will be forced to drop the price?,['499'],2024-09-28T00:47:47Z,@scottcolt4283,,Neutral
They should just reissue the Monopoly for around the same price. Nothing they've made has been interesting enough or priced well enough to consider since the minilogue xd.,['Agreed!'],2024-09-28T00:31:46Z,@nickdestruct,,Negative
"Reminds me of my venerable Korg R3 which I've hung on to because... it ain't half bad.  What's cool about the R3 is that you can run external audio in as an oscillator.  If that is the output of another synthesizer being played by MIDI from the R3, then that opens up a world of possibilities.  I've used the original IK Uno as an oscillator.  Yeah, that joy toggle doesn't look as functional as the one on my DSS-1.",['R3 is super interesting!'],2024-09-28T00:26:52Z,@garyphillips725,,Positive
I think you need to get a Stylophone Gen-X 1 on here sometime soon. Surprising amount of features but goddamn is it impossible to keep in tune,"['Great suggestion, thanks!']",2024-09-28T00:06:10Z,@Billbobutters,,Negative
Wenn du Interesse hast den Quasimidi Polymorph zu testen - ich wÃ¼rde dir einen meiner beiden zur VerfÃ¼gung stellen.,"['Vielen Dank fÃ¼r das Angebot! Lass mich da ein wenig Recherchieren!', '@@AudioPilz ğŸ¤” as you like...']",2024-09-27T23:59:13Z,@peffken8834,,Positive
Wow... That looks ugly ğŸ˜‚.. Korg what you doing ğŸ™„ and the price is crazy,['Mind blowing!!!'],2024-09-27T23:56:44Z,@ThePsychoghost,,Negative
Modern Japanese VAs are all terrible.,"['Thatâ€™s a bit harsh;)', '@@AudioPilz Yeah, perhaps ""terrible"" is a strong word, but what\'s a good one in past 20 years?']",2024-09-27T23:48:45Z,@quantumeseboy,,Negative
complete trash synth...,"['great vid tho..ğŸ˜†', 'Shots fired;)']",2024-09-27T23:46:08Z,@hanzvolt,,Negative
Third Comment!!! I was wondering if vocoder monthly would be included in this video. Now Iâ€™ll hit unpause and listen,['ğŸ˜ƒğŸ˜ƒğŸ˜ƒ'],2024-09-27T23:39:38Z,@thedeepblueskys,,Positive
"2nd comment!!! Yes, all Opsix whatever style keyboards, MS2000 all into one! Frick yeah!!! That would be worth the asking price! Iâ€™d get one",['Worth 2K !!!'],2024-09-27T23:36:21Z,@thedeepblueskys,,Positive
"""Leas"" ğŸ˜‚ğŸ˜‚ğŸ˜‚","['ğŸ˜‚ğŸ˜‚ğŸ˜‚', ""@AudioPilz\xa0 love your comedy. It's pure gold and a lot of it triggers generational resonance. I'm 42. Thank you for all the nostalgia-loaded laughs. ğŸ™""]",2024-09-27T23:34:00Z,@mzisman,,Neutral
"Love the form factor of the Neo, but that no TUBE YO! Thatâ€™s my shiznit. Plus them EG knobs and the long key bed. Dudes, this should be epic, but without them elements Iâ€™m happy itâ€™s on Bad Gear!!! Plus that inflated price? $599 all day long would be righteous. Regardless, I got my OG KK for $500 with a case and expression pedal. Donâ€™t be jealous lol. It was my destiny to sound design with the OG. Still itâ€™s a very capable VA. Honestly donâ€™t think Iâ€™ll ever get rid of it because I may need to replace my dashboard of my Mini Cooper with it lol",['ğŸ‘ğŸ‘ğŸ‘'],2024-09-27T23:30:22Z,@thedeepblueskys,,Positive
I like this one ! If it was the price of the Wavestate I would have snatched it and then kept it gathering dust.,['Nice approach;)'],2024-09-27T23:08:31Z,@DoctorNemmo,,Neutral
"why would anybody ever want this synth? nothing even to consider here, just buy something proper.",['ğŸ‘ğŸ‘ğŸ‘'],2024-09-27T23:06:34Z,@repasiv,,Negative
"Sounds and looks nice, but Â£399 nice, not Â£1,000 nice.",['399 FTW!!!'],2024-09-27T23:06:26Z,@davelordy,,Neutral
I just ordered a Behringer Pro 800 for less than a third of that price. Yeah not a perfect comparison but what the hell is KORG doing lately....,"['Yeah, these are crazy cheap']",2024-09-27T23:02:23Z,@patrickbateman7444,,negative
"You sum it up so well! Korg inspires me with their engines. But their hardware is no fun and the integration into the studio only works halfway flawlessly with the old midi stuff. In my opinion, Korg is giving away so much potential.",['Thank you!!!'],2024-09-27T22:56:25Z,@KevinWheelerMusic,,Negative
"We ainâ€™t seen nothing yet! The MicroKorg V2 is due soon and, if the prototype videos are anything to go by, itâ€™ll be the perfect way to sound like itâ€™s 2003 for the bargain price of just Â£700!",['Looking forward to it;)'],2024-09-27T22:50:11Z,@unemployablegraduate,,Positive
"Personally I really like the Kingkorg engine, I just hated the gold plastic lump it came in (one of worst keybeds in recent years), so I'm glad they've released this. Would prefer module , but I guess they are after the 1st hardware synth markets,  so it had to have keys. Sure more controls etc would have been better but this is clearly a ""minimum development cost"" effortğŸ˜®. Pricing is a bit off too!. On suggestions- surprised they haven't done something with a Radias mk2...it still has lot of fans & could update that for minimum cost as wellğŸ˜…",['The keybed didnâ€™t get much better;)'],2024-09-27T22:49:55Z,@pizzagogo6151,,Neutral
Stuff like this makes me realize there is a clear divide between instruments made for musicians and instruments made for profit.,['Wise words!'],2024-09-27T22:36:19Z,@nullbyt,,Neutral
"If they were going to re-package old Korg synth tech, how about a Radius NEO? Same UI/layout and general features as the original but plastic, cheaper to make and a built in keyboard like all these current ones they're making...",['Iâ€™d buy that for a $!!!'],2024-09-27T22:30:46Z,@darwiniandude,,Positive
A raspberry pi and a whatever midi  controller you want for for the win,['ğŸ’ª'],2024-09-27T22:29:12Z,@MrJonBertsch,,Positive
"This is a surprisingly Roland-like product strategy from Korg, and not in a good way. As with the original Kingkorg I'm left scratching my head a little - what were they thinking? (drinking?)",['Boardroom Synth'],2024-09-27T22:25:45Z,@darwiniandude,,Negative
og Godzilla?Nice..,['Classic!'],2024-09-27T22:22:49Z,@DanielleKingdjdinosaur,,Positive
"You get a mono/poly for 300-400â‚¬ more. 
Crazy days lol",['Agreed!'],2024-09-27T22:21:37Z,@cyphercracker,,Neutral
This keyboard if fine and sounds pretty good.    It is drastically overpriced.    Especially considering the engine is ancient.,"['2013 was a good year.', 'True!']",2024-09-27T22:16:53Z,@marial8235,,Negative
Can you make a Florian bobble head for my studio?,"['Great idea, thanks!!!']",2024-09-27T22:16:45Z,@robertlee1176,,Neutral.
Korg still my favorite though. Eyes out for a Trident reissue,['â¤ï¸â¤ï¸â¤ï¸Korgâ¤ï¸â¤ï¸â¤ï¸'],2024-09-27T22:10:24Z,@lindsaywebb1904,,Positive
Can't wait the Roland MC909 crach test ğŸ˜…,"['I want one of these so badly!!!', 'We all do ğŸ˜‚']",2024-09-27T22:09:08Z,@sylvainconsult969,,Neutral
Korg is sad and angry,['It isâ€¦'],2024-09-27T22:05:26Z,@spacewalden8358,,Neutral
"Another great episode!

~1:07 The color scheme is NOT one of the things truly wrong with the Astrolab, imo (and I actually think white synths can look pretty damn good). The real problem is that, iirc, you can't even make your own patches on the hardware! And to make your own period, you need hundreds of dollars in additional software! Ridiculous. The KingKorg Neo is already way better in that regard. Though over a grand definitely seems like too much for it, haha. 

Especially with that in mind, it (KGN) doesn't seem too bad. Things like the Wavestate and Modwave are maybe more appealing to me, but this little guy seems *alright* (though again, that price, haha. Not the worst in that regard, but still).",['Thank you!!!'],2024-09-27T22:04:18Z,@slipknotboy555,,Neutral
Yes! Hirotribe now!,['Hell yeah'],2024-09-27T22:02:42Z,@PhoenixGuitars,,Positive
Now I'm craving a 4x4 and some animal style fries,['Nice!'],2024-09-27T22:01:50Z,@malwida1022,,Positive
If it  ended up here so quickly then its really bad gear.,"['Or Florian loves Korg (and Roland)', 'Direct-to-Bad Gear']",2024-09-27T21:53:41Z,@Pan6888,,Negative
This video is kind of making me feel good about the idea of getting a microfreak. Like geez the minifreak seems to be half the price and that seems a lot friendlier to work with.,['Agreed!'],2024-09-27T21:47:55Z,@andimcc6131,,Positive
God that thing sounds awful,['Not my favorite eitherâ€¦'],2024-09-27T21:40:44Z,@SentaAerger,,negative
8:10 was this your gear sell off list?,[';)'],2024-09-27T21:39:13Z,@autecheee,,Neutral
People aren't going to buy it,['That was my assumption as well'],2024-09-27T21:37:02Z,@hydorah,,Negative
Time to do the Studiologic Sledge?,"['Think so.', 'Great suggestion, thanks!!!']",2024-09-27T21:36:41Z,@letMeSayThatInIrish,,Neutral
"4:11. Quite the opposite
You are a genius professional ğŸ‘¨â€ğŸ«",['â¤ï¸â¤ï¸â¤ï¸'],2024-09-27T21:33:43Z,@autecheee,,Positive.
Letâ€™s face itâ€¦ the only king here is Florian! ğŸ˜‚ğŸ‘ğŸ½ğŸ¤˜ğŸ½,['â¤ï¸â¤ï¸â¤ï¸'],2024-09-27T21:33:07Z,@macavree9464,,Positive
Ghidorahhhhh!!! (Great episode),['Thank you!!!'],2024-09-27T21:22:26Z,@wickedcurve1975,,Positive
"Dear Korg, unleash the Prologue's architecture. It could be a proper flagship analog synth if properly revisited.",['True that!!!'],2024-09-27T21:19:02Z,@AaronFoltz,,Positive
"""The function of the One is now to menu dive to the source, allowing a temporary dissemination of the code you carry, reinserting the prime program. After which you will be required to select from the matrix 23 waveforms, 16 samples, 7 analogs, and from those create a patch. Failure to comply with this process will result in a cataclysmic system crash.""",['ğŸ‡'],2024-09-27T21:07:25Z,@Hykje,,Neutral
I bought this thing. Returned it the next day itâ€™s a piece of junk.,"['You mean bought.', '@@htechdancetrue true ğŸ˜‚', 'I feel you!']",2024-09-27T21:05:15Z,@pheotus,,Negative
The Sumo filter graphic was jarring,['I knowâ€¦'],2024-09-27T21:02:49Z,@audiblevideo,,Negative
This thing is proof that we will never run out of bad gear even in 2025,['Never!!!'],2024-09-27T21:01:53Z,@secretterminal2179,,negative
Compare do the Minilogue XD and the Wavestate (I and II)  this holds no interest for me.,['ğŸ‘'],2024-09-27T20:56:19Z,@damelos4039,,Negative
Anyhow the Korgies lost their way.,['ğŸ˜¢'],2024-09-27T20:47:41Z,@sparabo3780,,Negative
"Why does Korg keep screwing up? Korg if your listening, take the Volca drum, put it in a bigger case with knob per function. Add a sampling engine, add lots of cv , gate in and outs, and have individual outs for each channel. Call it the Electribe 3S. Your welcome.",['3S NOW!!!'],2024-09-27T20:41:39Z,@mikegeary8056,,Positive
"Great video. And if ever a synth was worthy of a Bad Gear roasting itâ€™s this one. Itâ€™s a crappy design for sure, and aesthetically it looks like itâ€™s been sterilised for use in prostate examinations. And that priceâ€¦ er, hello?",['Thank you!!!'],2024-09-27T20:40:55Z,@touchthatdial,,Negative
"Well Florian, I like it, but only when it goes on sale for half price . . . fingers crossed! ğŸ¤ğŸ¤ğŸ¤",['ğŸ¤'],2024-09-27T20:37:29Z,@patrickfitzgerald2861,,Neutral
"Despite how juicy and alluring that vocoder section on the Tonys, I still donâ€™t regret having purchased one of the other budget synthesizers you mentioned in the thumbnails, AP, the Hydrasynth Explorer. There are still several patches I want to write on that thing, and I still have not learned all of its interface to make those patches come up, but I still donâ€™t regret having purchased it, even if I had known this model existed before making that purchase. What would be needed if I could lay hands on a vocoder module to supplement the Hydrasynth,",['Nice one!!!'],2024-09-27T20:31:14Z,@Shred_The_Weapon,,Neutral
@8:34 @1:02 repeated meeeeemmmmeeee?????,['â¤ï¸â¤ï¸â¤ï¸'],2024-09-27T20:29:26Z,@thirstyCactus,,Neutral
"I'm glad i still got my korg dw 6000 in the basement somewhere. I don't know why i still have it but when i see new releases like this, i remeber i still have the dw 6000 just in case",['Nice one!'],2024-09-27T20:28:37Z,@alexsicko,,Positive
"Krog, everything they have been releasing lately is plastic, specifically their budget gear and including sound, they do have some vintage gear that stays true to quality, but the rest is just lol.
Krog, we will assimilate you and we all know you can't spell assimilate without ass.",['Resistance is futile'],2024-09-27T20:20:02Z,@dankeplace,,Negative
"Oh wait, i figured it out, theyâ€™re just trolling Roland! Bad front panel UI, too much menu diving, cheesy sounds, and costs twice what it should. Itâ€™s a big in-joke amongst Korgâ€™s executives.",['You might be onto something;)'],2024-09-27T20:13:56Z,@sub-jec-tiv,,Negative
Itâ€™s worth $400 max,['ğŸ‘'],2024-09-27T20:12:40Z,@FreeThink1984,,Negative
"Re: â€œAmateur noodlerâ€ Dude you shread, idk if you have music published but totally should! Great video!",['Thank you so much!!!'],2024-09-27T20:12:13Z,@ArcadeSynth,,Positive
Loved the vocoder!,['Thanks!'],2024-09-27T20:09:11Z,@bo-bodad8253,,positive
Great review as always!,['Thank you!!!'],2024-09-27T20:07:21Z,@bo-bodad8253,,Positive
"Have you noticed that Korg has been using the chassis of the ms2000 with different die cuts for the interface installation?  I had the ms when it was new, had to have it serviced then, and the repair person was likeâ€the board in this is only 3â€x13â€. The keyboards this size are primarily empty space inside, there is a metaphor possibly also contained inside them with thatâ€¦ğŸ˜‚",['Interesting! Thank you for posting!'],2024-09-27T20:04:50Z,@howgill4829,,Positive
Chris Cebelenski!!,"['The man. The legend.', '@@AudioPilz â™¥â™¥â™¥â™¥â™¥â™¥']",2024-09-27T20:02:45Z,@saydespuesza,,Neutral
Monster movie roller ftw!!!!,['ğŸ’ªğŸ’ªğŸ’ª'],2024-09-27T20:02:42Z,@GUNJACKOFFICIAL,,Positive
"You might be mistaken for thinking that the manufacturers are cynically exploiting the demand for music tech by putting out overpriced under-featured products, as a quick cash-in. That would, of course, be a very cynical viewpoint.",['Cynical indeed'],2024-09-27T20:02:14Z,@marcoose777,,Negative
"It feels like Korg put out this synth just to get Florian to tell them what's wrong with their company. There's no other explanation.

No one's going to buy this thing with how crippled it is, specially at that price point. It might be a decent synth, but you can get a Moog Grandmother new for the same price, or a Minifreak for half, which are more specialized machines, but way more useful in their niches.

Of course, without taking into account the used market.

Well, guess it was worth it. There's another Bad Gear episode in the world :)",['â¤ï¸â¤ï¸â¤ï¸'],2024-09-27T20:01:39Z,@Art1stical,,Negative
since they killed their prologue silently any $500+ korg  is a red flag,['You might have a point there'],2024-09-27T20:01:26Z,@boeiend100,,Negative
"It's weird, it feels like Korg wants to be on bad gear. They make great hardware, often let down by the software/firmware implementation or just dumb decisions. Like, I love my minilogue xd but the sequencer is so bad and the transpose function (that it didn't initially launch with) is so poorly thought out that you really scratch your head wondering what they were doing. That's been my experience with most Korg products, and somehow I own a lot of them.","['Yeah, so many small issues']",2024-09-27T19:56:10Z,@Drinkyoghurt,,Negative
It's amazing how some companies still manage to survive...,"[""Korg's bread and butter are their workstation keyboards like Krome and Kross, digital pianos, and other stuff they make. After all that, Korg just seems to throw random sh1t at the wall to see what sticks, LOL\nRoland is effectively the same, but bigger."", 'Just a fraction of their product portfolio', '@@AudioPilz true! yamaha is doing very well with their jet ski line!']",2024-09-27T19:55:07Z,@cooptrol,,neutral
"They lost their mind with this one. I love my Modwave, but I cannot understand why you would pay more for this over it.",['Modwave is pretty nice!'],2024-09-27T19:53:02Z,@oblitafier,,negative
"The original KK was too expensive & gimmicky and lacking (no aftertouch), and was overshadowed by Korg's reissue of the MS-20. But its synth emulation (esp Minimoog) was actually quite good. This synth with the same name is just marketing nonsense grafted onto an aging synth platform. Tatsuya left Japan for Berlin right around the time this thing was being designed by others... and it shows.",['Sad but true!'],2024-09-27T19:50:14Z,@qwe1231,,Negative
what korg made a new affordable synth what's new ,['If it only was affordable;)'],2024-09-27T19:48:41Z,@bakerbakerbaker305,,Neutral
Bad King Korg Gear. It was meant to happen the second it was announced. And it was absolutely needed at this point. Korg is both a great and a horrendous company.,['Agreed!!!'],2024-09-27T19:42:26Z,@Studio_4to1,,Neutral
Giddorrah and Mecha-Kong were excellent choices.,"['Thank you!!!', '@@AudioPilz You may want to know that partially due to Bad Gear, I was able to exert willpower and (for the time being, at least) pass on a pre-owned Volca FM priced at only $84.']",2024-09-27T19:37:34Z,@jukesjointOG,,Positive
I still prefer a Radias,['I want one of these so badly!!!'],2024-09-27T19:37:10Z,@rafaelcatarino8372,,Neutral
The midi connection on the front panel to get a modular vibe by having wires visible?,['ğŸ¤£ğŸ¤£ğŸ¤£'],2024-09-27T19:36:46Z,@Knightsnare,,Neutral
Made my Friday!!!,['â¤ï¸'],2024-09-27T19:32:30Z,@PatrickRosenbalm,,Positive
"Nowadays, everyone just copies Roland. Some copy the legendary analog technology, others copy the legendary menu diving.","[""Korg and Yamaha are unbeaten in menu diving (see Wavestation and MOXF keyboards as examples).\nBut Krome EX and M50 are anything but bad in that department. Yamaha might as well try copying Korg's homework, or Roland's, too. Juno-Di, FA, and Juno-DS are simple and sensible, among others.\n\nAnd if you are one of those whose brain is easily fried by such simplistic menus, just stick to Behringer monos and Korg Volcas. A real performance synth will have dozens of selectable effects with plenty of parameters for everything so each person can have their custom patches for their needs that vary on a per-individual basis. No one wants to be stuck with uneditable $200 e-waste from Casio if they can help it."", 'Lol, true']",2024-09-27T19:29:07Z,@prototype665,,Negative
"Not a fan of the white on white. Looks like something P Diddy would have wore in 2003. Besides, isn't gonna be SNES yellow in 10 years?",[],2024-09-27T19:27:38Z,@baltimoreluke,,Negative
"A full size MS2000 reissue with more voices would be outstanding, mine is slowly dying.",['That would be so awesome!!!'],2024-09-27T19:22:06Z,@pfmmodule5144,,negative
"Damn, you found the calling of the KingKORG in the vocoder section!! ;-)

Such pleasant sounds!",['ğŸ˜€ğŸ˜€ğŸ˜€'],2024-09-27T19:20:38Z,@FutureChaosTV,,Positive
I got the OG black version 2 mos. ago brand new and dislike vocoders so much I won't touch this one.   Even though it has some great sounds.   The tube comes with a boost and pumps up the sounds so drastically and I love the vintage filters and has some huge anthem unison sounds that boom...,['I would have liked to try the tube version too!'],2024-09-27T19:18:56Z,@htechdance,,Positive
It sounds good and capable for the right buyer.  Great compositions and crochet memes.,['Thank you!!!'],2024-09-27T19:15:49Z,@tbornottb303,,Positive
I would like a compilation of all the vocoded 'Merl's you have done. Probably because i am avoiding tasks.,['Great idea!ğŸ˜‚ğŸ˜‚ğŸ˜‚'],2024-09-27T19:15:06Z,@stoatystoat174,,Neutral
"What, the PS-3300 is only $13,000? A total bargain! (Seriously, for what it is, that's not overly expensive. I only wonder if a complete analog synth path for every key is actually that useful â€¦)",['Agreed!!!'],2024-09-27T19:07:21Z,@c.augustin,,Neutral
"1100 â‚¬ for a toy keybed on a plastic shell with a Raspi. You can now get the Wavestate SE, 61 keys, quality keybed with aftertouch, all metal (same Raspi lol) for 1500 â‚¬.  They tried to sell that for 2200 â‚¬ previously but obviously the had to cut the price. Probably will happen with this one too. There is something wrong with Korg.",['True that!!!'],2024-09-27T19:06:46Z,@sonic2000gr,,Negative
"In a vacuum this doesn't seem like a bad synth. Pricy, and it's not as good of a value as the original, but still very laden with features and with excellent sound.

Problem is, in-depth sound design focused synths have to deal with the existence of the comparatively _absurdly_ affordable MicroFreak these days. It's hard to justify plonking down $1000 for something like this when the MicroFreak and a basic multi-FX pedal will do mostly the same thing for less than half of that.","[""*Minifreak or Hydrasynth Explorer\nMicrofreak doesn't have polyphony comparable to those or KingKorg."", ""@@Jason75913\nDoesn't even matter considering the pricepoint of the MicroFreak. Besides, the MiniFreak only has two more voices than the MicroFreak anyway."", 'Agreed!!!']",2024-09-27T19:04:48Z,@VestedUTuber,,Negative
I don't think you've ever made a crap piece of music out of any bad gear yet!! â¤,['Thank you so much!!!'],2024-09-27T19:01:11Z,@tonalaxis,,Positive
"I always click like during the ""wooooooorld's....""",['Thank you so much!!!'],2024-09-27T18:57:20Z,@dreamdealer,,Positive
2:26 ğŸ‘‘ğŸ˜­,['â¤ï¸'],2024-09-27T18:56:51Z,@VocalChainsStudio,,Neutral
"Word on the skreetz, They had a sh*t ton of KingKorgs taking up room in the warehouse and they wanted to throw them all out but the janitors threatened to walk out if they had to take them all to the dumpster. So they put a new face on them and are trying to sell them first. If you just wait a few months you can just pull them out of Kprg's trash can for free.",['Sounds legit!'],2024-09-27T18:54:24Z,@pablowentscobar,,Negative
Happiest of weekend my dude! Thank you for another great episode <3,['Thank you!!!'],2024-09-27T18:53:48Z,@turtleCalledCalmie,,Positive
"Itâ€™s a tad of of left field perhaps, but, Appleâ€™s MainStage definitely had the amount of hate for it to quality as â€œbad gearâ€, though, from an entirely different demographic than the normal one for this show","['Great idea, thanks!!!']",2024-09-27T18:52:45Z,@tarvitz,,Neutral
The market is saturated with 'new' synths - only offering ROMpling and the usual bla bla bla filters and FX.,"['ROMplers are life, ROMplers are love. ğŸ˜', 'ğŸ‘ğŸ‘ğŸ‘']",2024-09-27T18:51:22Z,@museonfilm8919,,Negative
"The Lego Star Wars look is interesting in an 80s retro-nerdy way, until you realise that it won't ever reach escape velocity, but will stare accusingly at you from the dusty corner of buyer's remorse for an eternity.
I'd rather spend my disposable 1K galactic credits on a funky Teenage Profiteering hovertoaster.",['May the Korg be with you'],2024-09-27T18:47:44Z,@secretelitemusic,,Negative
Godzilla and drum n bass is a perfect combination,['Absolutely!!!'],2024-09-27T18:46:29Z,@DjZiggy2,,Positive
"I donâ€™t even mind the sounds I heard hereâ€¦. But a $1000?!?!?
*passes the crack pipe","['ğŸ˜‚', 'And the bath salts,', '@@sawtooth808 lmao ğŸ¤£ no joke']",2024-09-27T18:44:13Z,@aloraliquid,,negative
Perhaps the King Korg Neo was a Covid baby. Something that Korg could put out easily.,['ğŸ‘'],2024-09-27T18:43:54Z,@BecomingAPsych,,Neutral
I kinda want it just for the vocoder!,['That one is pretty nice'],2024-09-27T18:38:21Z,@bldcaveman2001,,Positive
"plus it's white. it will get dirty and ugly (or yellow) soon no matter how you protect / clean it. i don't understand why anyone makes white electronic products that are ment to be touched often. same as that god damned rubber coating that becomes unbearably sticky in few months / years. manufacturers and designers, please think about it!",['True that!'],2024-09-27T18:28:49Z,@persona_grata7048,,Negative
"Immediately upon checking the price, it is obvious that there is a disconnect between the actual willingness to ever buy versus the internal corporate design and valuations. ğŸ¤¯ğŸ¤¯ğŸ¤¯ğŸ¤¯ğŸ˜¢ğŸ˜¢ğŸ˜¢ğŸ˜¢ğŸ¥¹ğŸ¥¹ğŸ¥¹ğŸ¥¹

You nailed it with your product recommendation! ğŸ¯ğŸ¯ğŸ¯ğŸ¯ğŸ¯

The $13,000 synth comment took me out ğŸ˜œğŸ˜œğŸ˜œğŸ˜œğŸ˜œ",[],2024-09-27T18:26:37Z,@RoneySmithseedoflife,,Positive
Great vid! This synth is puzzling. Iâ€™m just not sure where it fits in the scheme of things.,['Thank you!!!'],2024-09-27T18:26:25Z,@Pablo668,,Neutral
Ah yes the Korg Little King Trashmouth!,['ğŸ˜‚ğŸ˜‚ğŸ˜‚'],2024-09-27T18:25:30Z,@Trinin,,Neutral
"The best keyboard solo of the last decade was played on a King Korg. Corey Henry used one for 'Snarky Puppy - Lingus (We Like It Here)"". 35 million Youtube views and counting.",['He could have played that one on an 80s Casio and it would have been awesome tho...;)'],2024-09-27T18:25:27Z,@marizuokereke7347,,Positive
"Iâ€™ve been buying synthesizers for decades, and the king Korg announcement was the first one that made me actually laugh out loud. Who is this synthesizer for? It doesnâ€™t make any sense. Stage performers want more keys and synth nerds want more controls.  This one doesnâ€™t make any of those people happy and then they slap $1000 price tag on it.

I look forward to finding one someday at a going out of business bricks, and mortar store for 100 bucks.  I still wonâ€™t buy it, but Iâ€™ll take a picture for my Instagram and caption it â€ hey remember these?â€","['ğŸ˜‚ğŸ˜‚ğŸ˜‚', 'You hit the bullseye right on.']",2024-09-27T18:25:10Z,@noisetheorem,,Negative
I object to a joystick considered to be wasting space. It must be really bad?,"['Love joysticks but that one is an abomination', '@@AudioPilz Such a shame']",2024-09-27T18:24:01Z,@eyeprod3101,,Negative
THANKS!!,['â¤ï¸â¤ï¸â¤ï¸'],2024-09-27T18:23:13Z,@danbad1380,,Positive
"Agreed on the MS2000. Still have mine, and it would be fun to see a new model with more polyphony, and midi that actually syncs properly.",['ğŸ˜€'],2024-09-27T18:22:56Z,@donaldpriola1807,,positive
haters gona hate .,"[""That's basically my job;)""]",2024-09-27T18:21:23Z,@indyginc,,negative
"Korg saw the hate that Roland were getting for the GAIA 2 and we're like, ""You ain't seen nothin' yet!""","['lol', ""G. 2 they went with Apple's thinking, remove popular features for the newer model.""]",2024-09-27T18:17:30Z,@_mickmccarthy,,Negative
Amature noodler my ASS.,[],2024-09-27T18:13:11Z,@artisans8521,,Negative.
$1000 for basically a VST in a box with some knobs and buttons and a 3 octave keyboard.  Ridiculous.,"['The VST would be nice tho', '@@AudioPilzVST would have a decent UI ğŸ˜‚']",2024-09-27T18:12:20Z,@johnsaunders6510,,Negative.
"Patiently waiting for it to drop to $349â€¦ itâ€™s not a bad synth for that price, but I cannot understand how it costs more than the opsix/modwave/wavestate. Even those  should be under $500â€¦","['Agreed!', ""Wavestate is pretty close to being a workstation ROMpler, and for under $500 is an over-the-top ludicrous demand. Not even the Yamaha MX49 is that cheap except second-hand, and it doesn't compete with Wavestate in sound at all but at least offers a better and bigger keybed. Krome EX and MODX6 are more comparable in sound to Wavestate.\n\nI'm hoping that Akai, Native Instruments, and Behringer manage to shake things up in our favor in the near future.""]",2024-09-27T18:08:04Z,@teamphil,,Negative
I'll wait for the VST.,['ğŸ‘'],2024-09-27T18:07:12Z,@kquat7899,,neutral
It's the biggest volca a man could ever ask for,"['lol', 'Will it fit up there like the other volcas?', '@@repetitivebeats8635 I doubt that seriously.', 'volcas have sequencers', '@@htechdance ğŸ˜‚']",2024-09-27T18:07:09Z,@Shampoid,,positive
"in-n-out, That's what the PEDAL is all about!",['Yessssssss'],2024-09-27T18:06:25Z,@simonebernacchia5724,,Positive
Sheesh its the same price as the virus hardware,"['Insane, I know...']",2024-09-27T18:06:08Z,@Existence_denied,,Neutral
Mmmm! Worth about Â£500 compared to there other products,['Yup'],2024-09-27T18:05:40Z,@peterjessop1878,,Negative
"I achieved a new skill! I can watch BadGear without rewinding or pausing, and understand all the memes.","[""You're the chosen one!!!""]",2024-09-27T18:05:09Z,@MyReasonToPlay,,Positive
Raspberry synth,"['Is it?', '\u200b@@AudioPilz  it uses the Raspberry Pi just like Wavestate, Opsix, and Modwave. Some clueless people like to act like these synths running Raspberry Pis, processors above and beyond what almost all digital synths get (because I assume that the Waldorf Quantum and Iridium are the exceptions) are somehow ""jokes"" and laughable for using these famous and inexpensive hobbyist ARM system-on-chips.']",2024-09-27T18:04:24Z,@vitaobassbr,,Neutral
Korg Opsix desktop is beautiful,['Yesssssss'],2024-09-27T18:04:10Z,@hunnytheurry,,Positive
"I picked up a Donner D1 and it's pretty cool. I'd like you to give it the treatment. Paired with the Donner B1, i find it quite satisfying.","['Great suggestion, thank you!!!']",2024-09-27T18:02:43Z,@karlrobertosterman,,Positive
"In think you're being too pessimistic about Korg's marketing competence. Minilogue is a great synth: has VCO's, yet is minimalistic enough to not cost much. It's a perfect synth addon to a rock band: can be a bass thing, and arpeggio player or chord player (4 voices are just enough for one hand). And it fits into my backpack.","['It was released 8 years ago;)', '@@AudioPilz How old is the Volca series? Lets agree that after making a product that launches a whole new form factor and gets ripped off by Uli, the head of marketing can afford a few years of smoking bamboo.']",2024-09-27T18:01:45Z,@bukkaratsuppa6414,,positive
"... what??!! .... a 'king' without a sequencer is like a queen without a room maid .... what next, korg karma ? ....",['Word!!!'],2024-09-27T18:00:22Z,@solartonytony5868,,Negative
I own the Neo. It's a simple synth that can make basic sounds. Look neat though.,['ğŸ‘'],2024-09-27T17:59:32Z,@CRayBeats,,Positive
1:03. Subscription to get access to your parameter controls and get bonus presets just for $9.99/month (with ads tier) $19.99/month ( ad free),[],2024-09-27T17:58:33Z,@autecheee,,Negative
Do a video on the yamaha an1x pleaseğŸ¤ğŸ»,"['Great suggestion, thank you!!!']",2024-09-27T17:55:13Z,@lostappeal1932,,Neutral
I had an original and used it live quite a bit. It had a place. But in the studio it was pretty rubbish. Sold it for fairly little about a year ago. Why korg have decided to make this is beyond me,"['Mind-boggling', '@@AudioPilz The black one is super cool with those vintage filters.']",2024-09-27T17:54:50Z,@fatbobe1986,,Negative.
"0:32.  Very Metaâ€¦.Vince in an interview said he sold his Buchla modular â€¦saying it was too nerdy/geeky and created blooping fart noisesâ€¦never going to use it , or maybe couldnâ€™t get to it in the collection in his basement studio",['Welcome to deep memes;)'],2024-09-27T17:54:45Z,@autecheee,,neutral
"sounds good, but you hear same sounds from anything you press play on the internet lol",['True that!'],2024-09-27T17:54:12Z,@CR-sj7xd,,negative
Can I please have another serving of those Audiopilz Amature Noodles (with a side of memes)?,['Them spicy;)'],2024-09-27T17:53:51Z,@inkfingers,,Positive
"it seems cool, but who is it for? at the price and the features i feel like people would gravitate towards other stuff?",['Live players I guess'],2024-09-27T17:52:49Z,@ryanstevens3822,,Neutral
A few months ago I picked up an original KingKorg black edition for Â£500. Seems a much more sensible option for this tech...,['Nice find!'],2024-09-27T17:51:14Z,@MagicMusicAdam,,neutral
the filter models are legit. space 1999 design is an improvement,['Agreed!!!'],2024-09-27T17:40:49Z,@tblv9300,,Positive
Hopefully the microkorg 2 will not be as much of rip off pricewise ğŸ™,"['Just wait for the price drop;)', ""Only review of one seen was by Loopop, but the model he was given did not have all the wiring finished, so some things he couldn't demo.""]",2024-09-27T17:39:49Z,@miamha,,Negative
"My Korg is mirco, as it should be.",['â¤ï¸â¤ï¸â¤ï¸'],2024-09-27T17:38:32Z,@M1k1haus,,Positive
Nah. This korg sucks.,"['It does in a way', '@@AudioPilz  give me akai or roland in thisprice point and Ill be famous.']",2024-09-27T17:36:19Z,@angeleocorrodead,,Negative
Serum smokes this synth in absolutely every department for 150 bucks,"['Sad but true', '@@AudioPilzstrange korg overlook this, $1000 on plug ins goes a very long way. Great video again Florian']",2024-09-27T17:36:11Z,@Goat83838,,Negative
Oshi No Ko meme - I didn't expect that!,['ğŸ˜€'],2024-09-27T17:34:52Z,@tomaszmazurek64,,Neutral
Think Ill skip this and get my 11th hydrasynth,['Hell to the yeah!'],2024-09-27T17:34:24Z,@karate9957,,Neutral
don't want... the filter curve and resonance on korg stuff usually too wild for me...volca keys was brilliant tho,"['Volca Keys is awesome!!!', '@@AudioPilz yeah I had a proper little affair with that thingğŸ¤£']",2024-09-27T17:33:57Z,@dominicshaw4140,,neutral
Good sounding synth.,['ğŸ‘ğŸ‘ğŸ‘'],2024-09-27T17:33:25Z,@sashaSwetlowski,,Positive
Amateur noodler? You're the most prolific music creator I've found on the web! Your humility is second only to your realism. Keep on rockin' Brother! (P.S. Loved the Godzilla montage.),"['Thank you so much!!!', 'He was talking about  his cooking channel. ğŸ˜', '@@treetopjones737 ğŸ¤£']",2024-09-27T17:32:13Z,@jesusrocks7500,,Positive.
why not just save up the extra $200 and get the OP1 if you need a plastic hipster synth,"['Word!!!', '@@AudioPilz love the show. you should check and see if klangbonger has a Haken fingerboard laying around. I need an objective opinion on it']",2024-09-27T17:29:59Z,@jamscodes,,neutral
I have to ask. Imagine you are banned for a few months to an isolated cabin and can bring only this OR the Roland Gaia 2. Which one would you pick?,['GAIA2 has a sequencer;)'],2024-09-27T17:29:09Z,@MrDagon007,,Neutral
How is this better than a Modwave or the Opsix?,"[""It's not;)"", ""It's not.""]",2024-09-27T17:26:37Z,@andybond5002,,Neutral
nice to see the dr-550 in action again.,['Such a classic little box'],2024-09-27T17:26:22Z,@JoeJohnston-taskboy,,Positive
"What golden words - it IS fail to the king! King Korg was absolutely unique (yes, I double dare one to find valve tube synth of today's sad times) and to get this horrible nothing was another low blow from Korg - another one after Electribe 2S.
This showed me one thing - it's not a fair mistake, it's a pattern of damaged mentality.
The only good thing about Korg these days is the lovely Natalie.",['Thank you!!!'],2024-09-27T17:24:39Z,@djkanyon,,Negative
"I was randomly eyeing one the other day.  Not to buy as I was always more interested in their module selection and wondered why they didn't toss the new microKorg into that group or bring back the MS-2000 module.  Instead, I'm keeping track of how long it takes for the price to drop just for kicks and the same for the AstroLab.","['Yeah, price drop is inevitable']",2024-09-27T17:23:50Z,@Cysubtor_8vb,,Neutral
When you gonna make a Bad Books channel?,['Gonna start with Shakespeare;)'],2024-09-27T17:23:49Z,@Schtoopot,,Neutral
"nice vocoding, might be decent gig gear if it was like $500 and HAD A FUCKING MOD WHEEL. Korg microking r4 head ahh",['Korg microking r4 FTW!!!'],2024-09-27T17:23:15Z,@heymynameisharry,,Negative
This is almost unbelievable,['True that!'],2024-09-27T17:20:26Z,@LB-pp7pu,,Neutral
"KORG, you have slid into Disney creative bankruptcy territory at Disney+ pricing.","['Lol, shots fired;)', '@@AudioPilz The truth always comes out.']",2024-09-27T17:20:02Z,@sturdyblock,,Negative
"Korg's biggest miss is not taking the OP6 and/or the Wavestate and throwing them into a 12 track groovebox.  I mean, it's right there.  Call them the synthtribes or something.","['Agreed!!!', 'Just watch, it\'ll happen after 3-5 years and by then everyone will be like ""too late bro""', ""If you want more sequencing and Wavestate-esque sounds, Korg wants you to go for a Krome EX. It's a badass keyboard workstation, I'll give them that.""]",2024-09-27T17:18:56Z,@heavysystemsinc.,,Positive
"I used so much Korg gear in the past people thought I was sponsored by them.  Today, I just LOL at their lame offerings.   if they released the Kronos as a softsynth I'd get it.  Otherwise, I'll buy something that's not a rehash of old technology that will also not get dropped by support a year after release.  That makes Korg completely out of all considerations.  

RIP KORG.  We had a good run.","[""It's more of a cyclic thing;)""]",2024-09-27T17:18:16Z,@McHale72,,Negative
"I fully agree about the opportunity for the SE to be a multi engine synth combining opsix, modwave and wavestate engines. The VST versions show how similar they all are and it wouldn't be that big a deal to merge the physical controls and allow the engine to switch between each one. I'm also very much wondering if multi timbral is going to come back into fashion. With external sequencer boxes becoming more popular, being able to play multiple timbres from synths with 24+ note polyphony would make them more worth the price. My last Korg was an X3 and that could do 16 different tones at once. I miss that.","['ğŸ‘ğŸ‘ğŸ‘', ""Absolutely. Doubling the polyphony in mk2/SE instead of allowing for two engines at once seems a bit weird. Reminds me of Elektron's artificial product segmentation. Especially since Korg pushed bitimbrality very early-on in their history and kept at it for quite a long time."", 'The SE versions shouldâ€™ve had more knobs and less menu diving ğŸ˜…', ""I have to disagree a bit as an owner of the 3. They have radically different sound engines and are already monsters of menu diving (for Modwave and Wavestate). I can't imagine a shared interface for the 3...""]",2024-09-27T17:15:47Z,@BangBangBeepBeep,,Positive
how they are still in business after 2 decades of going nowhere is beyond me,"['They released quite a few super successful instruments over the last 20 years...', 'The prologue is nice. Limited in many ways, but very very nice']",2024-09-27T17:14:58Z,@hevvyserve,,negative
Suh dude,['ğŸ‘'],2024-09-27T17:14:54Z,@BatmanWangChung,,Neutral
"I really LOLd at the price reveal. Wow wow wow, some day I want to be as optimistic as the person responsible for KORGs pricing... ğŸ˜‚","['I assume there is some method to the madness...', 'Honestly I assume it\'s so people will view $600-700 ""sales"" as good (or better) value when it inevitably happens. Even though that is still arguably too much, which most buyers know â€” the Opsix $650 had many people waiting until they were $300-400. If they just came right out at $450-500 like they should (and like the microKORG originally did) then there wouldn\'t be much room for ""discounts"", or various resellers\' cuts. Sigh.', 'I was looking at the Kaoss sampler until I realised I could get an SP AND a Blackbox for  roughly the same price and still have change for catfood.']",2024-09-27T17:13:10Z,@henninghoefer,,Negative
Great Monsters Battle!!!,['Thank you!!!'],2024-09-27T17:11:16Z,@thomasyon4332,,positive
"â‚¬1,099... Man, I'm glad to see this level of optimism in 2024.",['ğŸ˜‚ğŸ˜‚ğŸ˜‚'],2024-09-27T17:10:54Z,@Stadsjaap,,Neutral
The synthesiser no one asked forâ€¦ like the Juno D,"['So true!', 'HS 60', 'Just send the drawings to Music Tribe City and they will produce it for, how much? 50 bucks a unit MOQ 10.000?', 'I loved the Juno D']",2024-09-27T17:10:51Z,@e-conrecords4665,,Negative
"A typical meeting of the board of directors of any synth company lately:
Agenda: Find a way to end up on Florian's list and in a thousand memes. Rinse and repeat.",['ğŸ˜‚ğŸ˜‚ğŸ˜‚'],2024-09-27T17:08:18Z,@DarkSideofSynth,,Negative
Would you ever make a video on that platform stereo compressor?,"['Great idea, thanks!!!']",2024-09-27T17:06:53Z,@DeathTrapProductions,,Neutral
this IS the epitome of youtube channelsğŸ¥‡,['Thank you so much!!!'],2024-09-27T17:06:01Z,@geminidefect,,Positive
This one is a horrible synthâ€¦.eugh,"['Lol, shots fired;)']",2024-09-27T17:05:50Z,@debu206,,negative
GOD SAVE THE KING KORG,['â¤ï¸â¤ï¸â¤ï¸'],2024-09-27T17:05:44Z,@danielortizdecaracas,,Positive
"I actually find that it's a lot to pay, at this price, you have the UB-Xa from Behringer.
The choice was quickly made for me: the UB-Xa.  :)
Excellent video as usual and I still enjoy the vocoder part of the month. :)",['Thank you!!! Agreed!!!'],2024-09-27T17:05:31Z,@lairdtomfrenchelectromusic2545,,Neutral
"For an â€œamateurâ€ as you say (I'd never say that), Jam 2 sounds pretty good. Recently I've rewatchted an old Jack Duxbury (Andertons Synths) video in which he unrested & bleary-eyed (what was hilarious) checked the JD Xi, the Ultranova and the microkorg XL for similarities. In terms of analogue sound, the microkorg XL killed it's competitors easily with an authentic & natural (not at all VA-tainted) tone quality. Therefore, I assume the current microkorg 2 could eventually be in certain ways higher developed than the KingKorg Neo, what also represents as this times suggestion. Anyway, not always successors stand out positively from their predecessors, what applies not just to instruments, even more to the whole audio industry in general. Anyway Microkorg 2 is this times tip (but I'm of course unaware if it sounds similar ot better than the XL).",['The XL is super powerful. Shrunk Radias!'],2024-09-27T17:02:32Z,@Gerald_Daniel,,Neutral
"mr pills please put the name of the synth in the video title, maybe just at the end in parentheses, makes it hard to search your videos for specific gear",['Thank you for the feedback!!! Battling the algo gods hard here...'],2024-09-27T17:02:10Z,@heartache5742,,Negative
Two minutes in...and there goes my bank account,['â¤ï¸'],2024-09-27T17:01:50Z,@williambrown319,,positive
Godzilla Minus One - the black and white version from 2023 - Top Movie!,['Nice one!'],2024-09-27T17:01:42Z,@linuxbender,,Positive
Love the R&D tip. Please include those in ALL future videos. Please reshape these manufacturers brains.,"['I should definitely charge for this;)', 'Youâ€™ll make a fortune!', 'Korg R&D be like ""What nostalgia can we weaponize against a consumer bracket has some money now but doesn\'t have kids or house payments yet?""', ""I've been saying this for years, who doesn't want to play fm'd wave tables with vector controls?""]",2024-09-27T17:00:07Z,@DJDigitalJosh,,Positive
"If it's ""the king"", why can't I get full-size keys? This just doesn't excite me. On the flip side, It's nice that it has more than one tiny display - though to be honest I'd prefer that rather than three small displays they just had a single much much bigger one or a pair of much bigger ones. Uh, also I'm already saving for a Tonwerk... because that thing will probably steal my wallet if I don't start saving now. [eyeroll]","['Damn, I want Tonverk so bad!']",2024-09-27T16:58:55Z,@randynovick7972,,Negative
Friday means Bad gear !!!,['Have a nice weekend!!!'],2024-09-27T16:58:50Z,@debu206,,Positive
I traded once the mbf synth lite for alesis air synth both things where strange and bad,['I want that MFB tho;)'],2024-09-27T16:57:50Z,@mrudo8663,,Negative
"Maybe I'm just old-fashioned, but $1000 ought to get you a full 61-key machine with aftertouch.","['Word!!!', 'Or at least a decent 4/5 octave keybed and build.', 'ASM hydrosynth deluxe- used. Thatâ€™s my next GAS!', 'I mean you can buy kontakt s61 which is infinitely better than this korg', 'I was actually preparing myself to want one till that bombshell dropped.']",2024-09-27T16:54:37Z,@ItsNova816,,negative
"It seems that Korg now is fully in hands of some stoned office clerks! ğŸ˜
They keep making the same ""innovations"" and still thinking that it's profitable.","['If they were only stoned;)', '@@AudioPilz maybe it\'s something ""heavy""']",2024-09-27T16:52:16Z,@KiR_3d,,Negative
"The front panel layout made me laugh out loud, it's like this instrument was a summer project for the interns",['I think interns would have put in more effort as they want a job;)'],2024-09-27T16:50:16Z,@korgstadler,,Negative
Straight to 'Bad Gear' ğŸ˜‚,['Hell yeah!!!'],2024-09-27T16:48:19Z,@endonyxoneaudio8644,,Neutral
ğŸ‘€ Iâ€™m digging this trend of multiple small screens.  Iâ€™m just suprised Roland hasnâ€™t jumped on that yet!,"[""It's actually really practical"", '\u2060great way for Roland to use up those 90s digital displays â€¦.']",2024-09-27T16:46:57Z,@ADHDville,,positive
"It's always with the massive or tiny name references, right? It's always the KING Korg, ULTRAnova, the Roland Jupiter, the Moog GRANDmother and Matriarch... and then the Microfreak, the Mininova, the Microkorg...

Is there no market for the Roland Regular, the Middle-ground Korg, the Moog Mom?","['Being mid is not exactly very desirable atm', 'The Moom ğŸ˜‚', 'Mommy Moogy Milkers?', 'Moog Granddaughter', 'The oberheim next door']",2024-09-27T16:46:09Z,@elarielo,,Neutral
You always make good music on this show and song titles.,['Thank you!!!'],2024-09-27T16:45:35Z,@jack3361,,Positive
That pricing makes the new Juno-D seems like a bargain.,['True that!'],2024-09-27T16:45:20Z,@Nik.leonard,,Positive
"The KingKorg engine sounds phenomenal, i just wish they'd put it in an MS-2000 style knobby interface.  Also as cool as the PS-3300 is I'd like an Omni Mk2 reissue.",['ğŸ‘ğŸ‘ğŸ‘'],2024-09-27T16:44:54Z,@jasonmoyer,,neutral
microKORGã¨ã‹ãã®å‘¨è¾ºç³»ã®é€£ç¶šãƒªãƒªãƒ¼ã‚¹ã«ã¯ã‚‚ã†é£Ÿå‚·æ°—å‘³,['ã”æ„è¦‹ã‚ã‚ŠãŒã¨ã†ã”ã–ã„ã¾ã—ãŸã€‚'],2024-09-27T16:44:32Z,@lareel6574,,Negative
Should have taken the Red pill.,['Say no to drugs;)'],2024-09-27T16:43:53Z,@Purrrelll,,Negative
"I remember the times when I lost interest in synthesizers. About 1994, when every synth sounded the same, and no innovation was to be found. Today, the same. Maybe I need another 20 years to discover that todays synths are great. Until then I hope my Roland budget stuff doesn't fall apart.","['I feel you!!!', 'My synth are 1990 or live in my i9']",2024-09-27T16:43:29Z,@patrikknoerr9777,,Neutral
I forgot this thing even existed,['Same here'],2024-09-27T16:42:09Z,@Digitalstone,,Neutral
"1099,-? They should visit the doctor and raise the dose of what ever they are taking. I would not pay 300,-. For just 50,- more you get a ASM Hydrasynth. And we all know they are worlds apart.",['The Explorer for much less...'],2024-09-27T16:41:45Z,@roland4507,,negative
â¤,['â¤ï¸'],2024-09-27T16:41:34Z,@jack3361,,Positive
"It's crazy with a keybed that spongy, there is no aftertouch.",['I like em spongy;)'],2024-09-27T16:40:38Z,@EHiggins,,negative
Guess itâ€™s too late for Korg to bring back Trance music,"[""It's already back. All the techno artists are stealing from it like crazy""]",2024-09-27T16:39:34Z,@cloudseer,,Neutral
The memes are pure knowledge,['Thank you!!! Meme Science!!!'],2024-09-27T16:39:28Z,@Tripwelleverday,,Positive
"I watched a video recently of Roger Linn playing with a new MPC.  He had a Linnstrument hooked up.  Despite literally designing most of the gear he was using, he churned out a cringey, horrible jam that sounded like an 8-bit hot dog cart ad, and not in a good way.  Meanwhile, superspy Florian Pilz can grab any two pieces of garbage manufactured in the last twenty years and absolutely melt faces off, all while getting more handsome every week.  I don't know what alchemy sustains you, Florian, but I hope no one else ever finds out.","['One glass of water a week, allegedly.', 'Thank you so much!!!', ""Now let's not spoil him too much, will you......"", 'Would it be churlish to point out that most synth designers are successful because of their electronics skills rather than their musicianship?', ""@@unclemick-synths Insubordinate AND churlish.  But yeah, point taken.  I love Roger's work and his terrible jam has not diminished my enthusiasm for what he created.  Leo Fender could barely play guitar or bass, didn't hold him back at all.""]",2024-09-27T16:39:22Z,@TSBeebout,,Negative
ã“ã‚“ã«ã¡ã¯ Bad Hair,['Just not all that much of it;)'],2024-09-27T16:39:19Z,@lareel6574,,Neutral
i keep forgetting that i already heard the synth in the intro tune ;c,['ğŸ˜‚ğŸ˜‚ğŸ˜‚'],2024-09-27T16:39:18Z,@TrinityCodex,,Neutral
"The original King Korg was already a bit crappy, and this did little to improve that. Would have been a fun entry level synth/live keyboard for half the price maybe, but this is just wrong.",['Agreed!!!'],2024-09-27T16:39:16Z,@napotronix,,Negative
Interesting choice to make the edges of the key-bed look like broken keys,"['Lol, so true']",2024-09-27T16:37:22Z,@JonasHamill,,Neutral
"If Korg want to pull this out of the failure bucket, drop the price to $599 immediately and ask for forgiveness.","['$499 for me;)', 'It easier to ask for forgiveness then for permission']",2024-09-27T16:36:30Z,@jbognap,,Negative
It sounds bad enough i was checking if youtube was at the right speed,"['Lol, shots fired;)']",2024-09-27T16:36:11Z,@mycosys,,Negative.
8:36 Korg a hot mess. No plans to buy any of their gear anytime soon.,['Not the first period of underwhelming Korg products...'],2024-09-27T16:36:08Z,@SixteenVoice,,Negative
"Nice video, can you do a PWM Malevolent video next?","['Great suggestion, thank you!!!']",2024-09-27T16:35:59Z,@foruncolo74,,Positive.
We need you to predict a $299 blowout price again. ğŸ˜‚ğŸ˜‚,"[""$499 I'm afraid;)""]",2024-09-27T16:35:47Z,@lucid484,,Neutral
Nur die alten Godzilla Filme sind schlechter ğŸ™‚,"['Hey, die sind voll geil;)']",2024-09-27T16:33:44Z,@dietervoser4425,,Negative
"Please excuse me while I attempt to wipe the drippy cheese off my studio monitors. 

So sticky!",['ğŸ˜‚ğŸ˜‚ğŸ˜‚'],2024-09-27T16:33:39Z,@unduloid,,Negative
ğŸ‘€On black friday for Reverb Korg firesales.,['Wait for it;)'],2024-09-27T16:32:44Z,@atomicafro,,Neutral
DARTH FADER!!! FTW!!!,['ğŸ˜‚ğŸ˜‚ğŸ˜‚'],2024-09-27T16:32:11Z,@1_of_4,,Positive
"Holy shit, $400 TOPS. $1k? ğŸ¤£ğŸ¤£ğŸ¤£","[""It's crazy""]",2024-09-27T16:31:50Z,@koalemos1679,,negative
"I dig the sound of it, but I'm left wondering how it really differes that much from my Microfreak. Certainly not several hundred quid more. 
And that control panel - that's not a design, that's a dump without any thought.
It's such a shame to see synths like this in this day and age as Korg REALLY should know better. With more refinement and care they could have perhaps turned out something more down to earth in pricing or maybe something more pricey yet more complete.","['I would actually prefer the Microfreak', ""@@AudioPilz I admit I did err a little on the side of caution. I absolutely would myself, but I didn't want to sound too fanboyish or anything.""]",2024-09-27T16:31:38Z,@crunchyfrog555,,Negative
"While the world raving about Espen Kraft's attempt to bad gearing bad gear, the disciples of the real Bad Gear are riding slowly on the caramels back in the hot desert to the oasis where real
Bad Gear prophet will hold yet another messianic Bad Gear preach. Oh mighty lord of Bad Gear we obey you and cherish you.",['Thank you so much!!!'],2024-09-27T16:31:00Z,@DeadManWalking4574,,Positive.
This never gets old,['â¤ï¸â¤ï¸â¤ï¸'],2024-09-27T16:30:42Z,@3ertin,,positive
They couldn't give a us an updated Prologue but they gave us *gestures vaguely* this...,['ğŸ˜‚ğŸ˜‚ğŸ˜‚'],2024-09-27T16:30:27Z,@vincentmorelli1013,,Negative
"I like the keyboardist/bassist meme. Especially with Korg now owning one of my favorite bass brands, Spector.

This is a great synth for $500 or so.","[""Didn't know that! Thanks for the heads up!!!"", ""@@AudioPilz I believe it's been a few years now. Maybe Korg is like a cat? Out for world dominance in the music world. I guess they'll have to compete with Uli though...""]",2024-09-27T16:29:47Z,@hillie47,,Positive.
that was... really quick actually,['None too soon'],2024-09-27T16:29:45Z,@ratmeat161,,Neutral
"My theory is, Korg accidentally added an extra zero on the quantity when ordering the chassises for the Modwave/Wavestate/Opsix and were like â€œShit, what can we quickly cram in these extras? Oh, old VA with a tube, cool just drop the tube part.â€","['Low voltage tubes are so zero years;)', ""this probably it... it's a common mistake for a factories"", ""@@AudioPilz If you actually put in a high(er) end tube in one of those ESX electribe's, it sounds incredible! Funny how they are selling second hand for around 3 times what they newer model sells for. Korg still not picking up the hints though ;)""]",2024-09-27T16:27:58Z,@alexgrunde6682,,Neutral
"Having owned a kingkorg for a little bit, I would actually be into this update, if it was about 699-799...ğŸ˜‚ but in prime Korg fashion, it's well overpriced...",['Wait for it;)'],2024-09-27T16:27:08Z,@retromacman620,,Negative
There is no bad gear. Only bad manufacturers.,"['Lol, shots fired;)', 'True,. Imagine how much better our lives will be when Korg, Roland, Behringer, and InMusic all go out of business!', 'Oof ğŸ˜–', '\u200b@@scott21113so yamaha all the way?']",2024-09-27T16:26:44Z,@t-r3xy,,Negative
Speaking as an early VA enjoyer this one may be a future classic for the initiated. Give it a few years,['ğŸ‘ğŸ‘ğŸ‘'],2024-09-27T16:25:09Z,@antons5120,,Positive
It was due.,['True that!'],2024-09-27T16:24:26Z,@zoned7609,,Neutral
"The OG King Korg wasn't so bad. I gigged with it for a while and used it for a bunch of studio stuff. To be fair tho, I did buy it 7 years after release for half the original price. Also, check out the Snarky Puppy Lingus video and see what synth Cory Henry is playing during his 3 minute long synth solo. That said, I sold it to get a summit lol.",['Love Snarky Puppy!'],2024-09-27T16:24:22Z,@Fightwithmonsters,,Neutral
Whoa.,['<Keanu Reeves intensifies>'],2024-09-27T16:24:12Z,@sg_isme,,Neutral
"Yea its kinda garbage, but the price to vocoder goodness factor is still very much in its favour compared to inMusicâ€™s latest   :^)",['True that!'],2024-09-27T16:23:58Z,@ThePointingArrows,,Negative
Korg taking shots two weeks in a row!,['Something old and something new;)'],2024-09-27T16:23:39Z,@distantcomets,,Neutral
"This is an odd one. My guess is that this is meant to be a step up for non-synthesists who want to step up from the MicroKorg; It doesn't have the deepest engine in the world, but everything sounds really good without a huge amount of effort and it has really nice vocoder. It does a lot, it sounds good, it's fairly easy...I can imagine a market for it, but that price. Oooooof.","['Interesting angle...', ""For live add-on keyboard, it would be (and is) peachy. Not every keyboard player needs to program his or hers ass off to blast in a band. Sometimes, a few controls to adapt a preset is more than dandy. I've seen kingkorg's (which, by the way, remind me of the bread my mam used to buy in the 70th named kingkorn) on stage a few times."", 'For that price, there are far better options, and some of those options come from Korg themselves. You can get an Op-Six or a Wavestate for less than that.', 'I have to say, the bass in the jams was very solid and impressive. And the vocoder seemed really nice. But - yeah.... the price... that price. \nIs the white on white color scheme maybe a clue?   Are they maybe filled with an addictive white powder?  That would at least make some sense.', ""If you're in a cover band, you will be hard pressed to find a better synth for concerts. Most presets are recreations of classic songs. That's how they sold the original unit.""]",2024-09-27T16:21:36Z,@ridleykemp5789,,Neutral
"ya, to quote dr mix: ""NEEEEEEExt"" haha.   i do really like my korg workstations though",['ğŸ˜‚ğŸ˜‚ğŸ˜‚'],2024-09-27T16:21:01Z,@jjrusy7438,,Positive
Klangefarbe when AudioPilz walks in:  ğŸ«£,['â¤ï¸â¤ï¸â¤ï¸Klangfarbeâ¤ï¸â¤ï¸â¤ï¸'],2024-09-27T16:19:05Z,@bistrobmusic,,Neutral
MPE at all ... any time before the next protocol comes along will do,['ğŸ‘ğŸ‘ğŸ‘'],2024-09-27T16:18:39Z,@RDHamel,,Neutral
My word that's a fizzy filter! (I don't like it),"[""It's got a wide variety of fizzy filters;)""]",2024-09-27T16:18:11Z,@Bthelick,,Negative
Really this was underwhelming (talking about the synth)... At least the Roland Jupiter XM (that was also underwhelming and pricey) was hands-on (kinda)!,['These two are kind of weirdly undesirable...'],2024-09-27T16:16:17Z,@prinzbach,,Negative
Bro 1000$????? Korg has got to get off this style of hardware and wake up.,"['Yeah, that pricing is insane', ""They're deliberately giving Roland the Pepsi challenge."", '@@AudioPilz The Minilogue XD is cheaper and way more fun', ""I'm at the point now where hardware synths are making me miss VSTi's."", 'Huge ripoff']",2024-09-27T16:14:19Z,@Screenshot1015,,negative
"Who have expected that Korg did this after 10 years of technology progress and brings a clone with less features but same priceâ€¦ wait, Iâ€™m getting cloning my own texts - thatâ€™s weird ğŸ˜®","[""That's what we do these days;)"", 'Ahhhhh capitalism', 'What technology progress have they made? Most of their recent synths are just reissues/reimagining of existing tech. The last thing they made that I found truly interesting was the Monotribe and then they never followed that up with a worthy successor.']",2024-09-27T16:14:16Z,@HOLODECK-MUSIC-PROJECT,,Negative
MS2000 reissue .. that would be nice,"['Agreed!!!', '@@AudioPilz it really does sound just different and Iâ€™ve kept mine since I bought it back then. Iâ€™m touched truly.', ""There's a bunch of buy-it-now/offers MS2000s on UK eBay for Â£350 at the mo' and a mint MS2000R for Â£315."", 'My first hardware synth. Never once failed me!']",2024-09-27T16:14:11Z,@TobyBorrow,,Positive
"Andertons ripped it apart when they reviewed it. Upon hearing it, I understood why.","[""Yeah, not Korg's finest hour..."", ""And Andertons is in the business to make synths look good and sell them for a profit. So you know that's bad...""]",2024-09-27T16:12:11Z,@luisbarrera5740,,Negative
"I love your videos man, the quality of them is absolutely insane!",['Thank you so much!!!'],2024-09-27T16:10:36Z,@braindriftinglmao,,positive
Microkorg 2 should have had Granular Synthesis and FM. Seems to me they're starting to churn out one Wavetable rompler after another these days. The joystick looks as cheap as the one on my microKey Air which fly's off if you blow on it :D,"['That joystick is an abomination', ""X-Mod is just a 2 Operator FM... and you have more than just sine waves. i think that's good enough."", ""The fact that mK 2 is twice the price of the original alone just shows how much they missed the mark on it. mK 1 was many people's first synth, and was the synth I wanted for about a decade before I started my synth set up. The price is too off putting for first time buyers and seems to be relying on the nostalgia aspect, which it misses because it's not _the_ microKorg (how many people care about the mK XL for example?). They can throw in all the new fancy gimmicks that new technology allows for but if it's expensive then who cares about them??"", '@@JonasHamill same, sam e', 'Jeps, only waiting on Yamaha to bring out a TG500 mk2 again with AWM2 creaminess.']",2024-09-27T16:10:32Z,@dreikelvin,,Negative.
"Too soon, bro, too soon. This color scheme reminds me of having my tooth pulled out two days ago. I hope it comes with the built-in 5ms midi latency so it can sync with the rest of the new Korg products ğŸ‘€ğŸ˜‚","['Ah, love that ecosystem;)', 'Oh god you are right. If this was in a room with a medical machine i wouldnt even notice it haha', ""@@Mr.Marbles It's happening again!ğŸ¦·ğŸ˜·ğŸ˜‚"", ""Lol 5ms, PCI audio interfaces from 25 years ago could already do 1ms and under at full CPU load. ğŸ˜‚\n\nUSB itself isn't the problem either. The protocol allows for latency in the range of a few dozen microseconds. It's all a matter of proper drivers. Oldschool 80s MIDI itself has a native latency of 1ms per note or message, so that isn't it either."", '@@ropeburn6684 Iâ€™m still going strong with my 2 focusrite FireWire interfaces because itâ€™s so fast and capable of higher bandwidth. Not looking forward to the eventual inevitable upgrade to an apple silicon Mac with no FW support, resulting in a requirement to overhaul my entire set up, and dropping way too much cash to get a comparable product with USB/ thunderbolt. Iâ€™m going to milk this one as dry as I can']",2024-09-27T16:09:09Z,@pirateradioFPV,,Neutral
Everybody loves a cash grab,['â¤ï¸â¤ï¸â¤ï¸Korgâ¤ï¸â¤ï¸â¤ï¸'],2024-09-27T16:08:41Z,@irradix213,,negative
Crossmod nicht x-mod ğŸ¤¨,"['Ist das nicht synonym verwendbar?', '@@AudioPilz you are good from the american perspective. ""x"" is indeed an acronym for ""cross"". like in breeding plants a x b is \'a crossed with b\' USW ....']",2024-09-27T16:07:08Z,@Dubmayer,,Neutral
First bad post that is not ticking all the boxes,['ğŸ˜”ğŸ˜”ğŸ˜”'],2024-09-27T16:05:46Z,@krazywabbit,,Negative
:),['ğŸ˜€'],2024-09-27T16:04:08Z,@stephencampbell8,,Positive
The KingKorg Neo was always going to end up in the BadGear Matrix,"['Totally!!!', '@@AudioPilz Morpheus! Is that you?', 'It seems probably by design intended for BadGear series. Interesting strategy by Korg :) I considered buying this one despite everything, but the price is somehow not suitable.', ""â€œwhat happened, happened and couldn't have happened any other way.â€""]",2024-09-27T16:04:00Z,@enochroot9438,,Negative
Erster Nicht-Porn-Bot ğŸ˜€,[],2024-09-27T16:02:34Z,@Dubmayer,,Positive
"nice, time to warm up the rewind and pause button lol",['â¤ï¸â¤ï¸â¤ï¸'],2024-09-27T16:02:03Z,@KurgerBing-p5i,,Positive
"Audiopilz: *slaps roof of YT channel*
Full Tracks, Extended Jams, Sample Packs: https://www.patreon.com/audiopilz
Follow me on Instagram: https://www.instagram.com/audio.pilz/",['Why do you have a book about Thailand but not Bavaria?'],2024-09-27T16:02:02Z,@AudioPilz,,Neutral
First post,['Congrats!!!'],2024-09-27T16:01:46Z,@jtru3640,,Neutral
